timestamp,accX,accY,accZ,gyrX,gyrY,gyrZ,label
125752,1.0847,-0.427,0.2908,-24.2824,-19.5496,32.2137,idle
125772,0.9128,-0.2449,0.395,-4.8779,-3.5496,3.3817,idle
125792,0.8691,-0.2837,0.4221,3.7481,-5.3053,-12.9618,idle
125812,0.988,-0.2595,0.4663,14.7939,-8.0305,-31.4656,idle
125832,1.0059,-0.1587,0.4048,12.771,1.0,-13.3969,idle
125852,0.8132,-0.0564,0.4575,12.1679,9.5878,-17.7634,idle
125872,0.9248,-0.1145,0.4561,9.5191,-12.4809,-16.5649,idle
125892,1.0005,-0.0088,0.4688,5.2443,-20.4733,-2.2595,idle
125912,1.009,-0.033,0.4197,1.1908,-10.7939,4.145,idle
125932,1.0295,-0.0532,0.3987,-5.0305,-2.9924,9.8473,idle
125952,0.9614,-0.1189,0.4155,-4.0611,1.9008,10.4198,idle
125972,0.9453,-0.1548,0.446,-3.2366,-1.5878,5.5038,idle
125992,0.967,-0.1396,0.416,-1.145,-2.1832,-0.3969,idle
126012,0.9863,-0.1201,0.4312,-2.6336,0.3435,-2.1374,idle
126032,0.9653,-0.1042,0.4358,-2.2366,0.1069,-2.6412,idle
126052,0.9861,-0.0964,0.4343,-4.0,0.7176,1.0763,idle
126072,0.9587,-0.0959,0.4226,-4.5115,-1.0458,1.5725,idle
126092,0.9827,-0.1157,0.4189,-4.5725,-1.3969,1.9237,idle
126112,0.9709,-0.115,0.4248,-4.3206,-0.3969,1.0153,idle
126132,0.9607,-0.1008,0.4456,-4.9542,-1.2137,0.4962,idle
126152,0.9707,-0.1116,0.4304,-5.1679,-1.458,1.3511,idle
126172,0.9846,-0.1062,0.4209,-5.4122,-0.6031,2.2061,idle
126192,0.9709,-0.1135,0.4285,-5.0153,-0.6336,1.0458,idle
126212,0.9705,-0.1077,0.427,-4.8015,-1.0305,1.2595,idle
126232,0.9712,-0.1189,0.4167,-4.9313,-0.6107,2.7557,idle
126252,0.9629,-0.1238,0.4204,-4.4198,-0.5038,1.5725,idle
126272,0.9702,-0.1179,0.426,-4.4122,-0.7481,1.1069,idle
126292,0.9717,-0.1077,0.4258,-4.2443,-0.4809,1.0763,idle
126312,0.9688,-0.1045,0.4297,-4.4046,-0.7634,1.9008,idle
126332,0.9758,-0.0964,0.4275,-4.9847,-0.9695,3.6794,idle
126352,0.968,-0.1174,0.416,-5.2672,-1.7405,4.1756,idle
126372,0.9736,-0.114,0.4214,-4.9695,-1.6641,3.7863,idle
126392,0.9751,-0.1172,0.4253,-5.1603,-1.7405,3.9084,idle
126412,0.9644,-0.1062,0.4324,-5.5573,-2.5573,4.2977,idle
126432,0.9673,-0.1008,0.4136,-6.0687,-3.084,7.0916,idle
126452,0.969,-0.1191,0.4111,-6.4885,-3.6794,8.3206,idle
126472,0.9827,-0.1238,0.4016,-5.9847,-2.313,8.4504,idle
126492,0.9705,-0.1426,0.4111,-5.7786,-1.8626,5.9008,idle
126512,0.9746,-0.1218,0.4165,-4.458,-2.1069,5.1374,idle
126532,0.9792,-0.0942,0.4285,-4.3969,-2.3359,8.5802,idle
126552,0.97,-0.1118,0.4138,-5.2443,-3.9695,12.9542,idle
126572,0.9592,-0.1389,0.4067,-6.4885,-3.916,12.4504,idle
126592,0.9924,-0.1658,0.3867,-6.8168,-1.0229,11.084,idle
126612,0.99,-0.1619,0.4163,-4.8626,1.4122,12.4122,idle
126632,0.9888,-0.1685,0.4106,-4.4885,4.1145,12.1908,idle
126652,0.9602,-0.1497,0.4128,-6.0076,2.4275,11.3817,idle
126672,0.9536,-0.1699,0.4187,-6.4122,0.1298,8.3435,idle
126692,0.9761,-0.1516,0.4038,-5.2061,-1.2443,7.6794,idle
126712,0.9827,-0.1399,0.4131,-4.5191,0.9466,10.8244,idle
126732,0.9644,-0.1499,0.4167,-5.5802,1.2214,12.4885,idle
129534,0.9441,-0.2515,0.4119,-6.0534,10.3511,2.3282,idle
129554,1.021,-0.2017,0.3223,-3.9313,4.313,4.7023,idle
129574,0.9436,-0.1631,0.4424,-4.2519,2.6336,3.7176,idle
129594,0.9302,-0.1807,0.3975,-5.3282,0.7863,4.5344,idle
129614,0.9158,-0.1682,0.4087,-6.6794,1.3588,2.5496,idle
129634,0.9463,-0.1934,0.3833,-4.9618,-0.2443,0.0382,idle
129654,0.968,-0.1821,0.4092,-4.4275,-1.4962,-1.9847,idle
129674,1.012,-0.1802,0.4207,-4.0,-2.0076,-1.229,idle
129694,1.0122,-0.1755,0.4131,-3.1985,-0.9771,1.5954,idle
129714,0.9475,-0.1809,0.4075,-3.7557,-0.4046,2.8321,idle
129734,0.9355,-0.1792,0.3813,-3.4656,-0.3588,0.687,idle
129754,0.9646,-0.1838,0.3865,-3.7557,-0.0763,-0.2137,idle
129774,0.9617,-0.1914,0.4036,-3.4962,-1.6641,-0.374,idle
129794,0.9697,-0.1733,0.4014,-3.7481,-1.2443,-0.0153,idle
129814,0.9731,-0.1711,0.4067,-3.2595,-1.0611,1.229,idle
129834,0.9626,-0.1707,0.4067,-3.771,-0.3511,1.6183,idle
129854,0.9583,-0.1851,0.3953,-3.6412,-0.5496,0.7786,idle
129874,0.9626,-0.1802,0.4141,-3.1527,-1.3817,-0.3053,idle
129894,0.9648,-0.1672,0.4063,-2.9008,-1.8397,-0.5802,idle
129914,0.9766,-0.1772,0.3979,-3.5496,-1.6947,0.2824,idle
129934,0.9766,-0.1707,0.3909,-3.3435,-1.5344,0.7099,idle
129954,0.9705,-0.1687,0.3938,-3.6412,-0.4046,1.084,idle
129974,0.9722,-0.1736,0.4043,-3.5267,-0.6412,0.5267,idle
129994,0.968,-0.1753,0.4023,-3.6947,-0.5115,0.8931,idle
130014,0.9773,-0.1792,0.4065,-3.9237,-0.1527,0.6794,idle
130034,0.9749,-0.1792,0.3955,-3.5649,-0.6336,0.9084,idle
130054,0.9712,-0.1775,0.3958,-3.5191,-0.7939,1.0,idle
130074,0.9678,-0.1721,0.3987,-3.1374,-0.6794,0.8244,idle
130094,0.9678,-0.1743,0.3938,-3.2748,-0.6183,1.1679,idle
130114,0.9675,-0.1755,0.4014,-3.1756,-0.9924,1.1221,idle
130134,0.9734,-0.179,0.3989,-2.9542,-1.2443,0.6183,idle
130154,0.97,-0.1726,0.4087,-2.916,-0.5954,1.2061,idle
130174,0.9744,-0.1626,0.3938,-2.8244,-0.4198,1.5115,idle
130194,0.9634,-0.1699,0.4016,-3.5267,0.7634,2.4885,idle
130214,0.978,-0.175,0.3972,-3.3053,0.8626,2.5267,idle
130234,0.9739,-0.1797,0.4004,-3.0458,0.626,1.8779,idle
130254,0.9688,-0.1702,0.3997,-2.9771,0.4962,1.6031,idle
130274,0.9697,-0.1714,0.4065,-3.1679,0.1221,1.2519,idle
130294,0.9741,-0.1785,0.3977,-3.5725,0.2748,1.4427,idle
130314,0.9668,-0.1763,0.3999,-3.3435,0.2824,1.2061,idle
130334,0.9758,-0.176,0.3962,-3.0992,0.0458,0.6107,idle
130354,0.9719,-0.1663,0.3953,-3.2672,0.4122,1.0534,idle
130374,0.9727,-0.1738,0.4028,-3.3817,0.5649,1.2901,idle
130394,0.9702,-0.1792,0.4043,-3.6031,0.1985,1.1756,idle
130414,0.9639,-0.176,0.3989,-3.374,0.2061,0.5802,idle
130434,0.9683,-0.1729,0.3997,-3.4733,0.4122,0.5038,idle
130454,0.9631,-0.1721,0.3955,-3.4427,0.5267,0.8473,idle
130474,0.9629,-0.167,0.3953,-3.4733,0.4046,1.5344,idle
130494,0.9675,-0.1787,0.3977,-3.6641,0.5191,1.6718,idle
130514,0.9668,-0.1763,0.3953,-3.2595,0.2366,0.9695,idle
130534,0.9675,-0.1792,0.3989,-3.2824,0.2137,0.7786,idle
130554,0.9705,-0.1709,0.3965,-3.3969,0.2595,0.8092,idle
130574,0.9688,-0.1675,0.3984,-3.4656,0.3511,1.2137,idle
130594,0.9736,-0.1724,0.3865,-3.5725,0.4885,1.2901,idle
130614,0.9675,-0.1746,0.4004,-3.4885,0.374,1.1756,idle
130634,0.9683,-0.1707,0.4036,-3.1756,0.2061,0.4656,idle
130654,0.9741,-0.1694,0.3987,-3.4198,0.0916,1.229,idle
130674,0.9753,-0.1799,0.3967,-3.4122,0.2595,1.0076,idle
130694,0.9653,-0.1704,0.4004,-3.2443,0.3893,0.687,idle
130714,0.9758,-0.1692,0.3955,-3.5038,0.1069,0.916,idle
130734,0.9658,-0.1763,0.4028,-3.855,-0.1145,1.4809,idle
130754,0.9685,-0.1733,0.3958,-3.313,0.0992,0.6107,idle
130774,0.9695,-0.1714,0.4011,-3.4733,-0.2137,1.0763,idle
130794,0.9768,-0.1702,0.3989,-3.5115,0.1756,1.4275,idle
130814,0.9629,-0.1738,0.3899,-3.5573,0.1527,1.3511,idle
130834,0.969,-0.1895,0.4006,-3.4809,0.0076,0.7786,idle
130854,0.9734,-0.176,0.3899,-3.4122,0.0,0.9771,idle
130874,0.9724,-0.1685,0.397,-3.5344,0.3664,0.9618,idle
130894,0.9673,-0.1724,0.4082,-3.5267,0.1145,1.2061,idle
130914,0.9658,-0.1763,0.3943,-3.6641,0.2061,1.4122,idle
130934,0.9736,-0.1797,0.3921,-3.313,0.5878,1.2137,idle
130954,0.9729,-0.1858,0.3965,-3.2901,0.5649,1.1145,idle
130974,0.9626,-0.178,0.4043,-3.3664,0.2672,0.9695,idle
130994,0.9729,-0.1719,0.4048,-3.6183,0.1908,0.8092,idle
131014,0.9668,-0.1736,0.4036,-3.4046,0.1908,1.2672,idle
131034,0.967,-0.1702,0.3997,-3.5267,0.1069,1.229,idle
131054,0.9766,-0.1731,0.4001,-3.3588,0.4046,1.2061,idle
131074,0.9626,-0.1768,0.3982,-3.374,0.5038,1.1374,idle
131094,0.9688,-0.1777,0.3989,-3.6718,0.1374,1.0458,idle
131114,0.969,-0.1765,0.4014,-3.2748,-0.0534,0.8244,idle
131134,0.9714,-0.1743,0.4019,-3.4504,0.3588,1.6794,idle
131154,0.967,-0.1685,0.396,-3.6183,0.4733,1.1603,idle
131174,0.9739,-0.1785,0.3975,-3.4656,0.313,1.1374,idle
131194,0.9661,-0.1755,0.3975,-3.2443,0.4275,0.9924,idle
131214,0.9734,-0.1724,0.3979,-3.4809,0.0458,0.8931,idle
131234,0.9771,-0.167,0.3892,-3.3664,0.3282,1.2824,idle
131254,0.9702,-0.1763,0.4001,-3.5191,0.0763,1.2061,idle
131274,0.9731,-0.1807,0.3916,-3.313,0.3435,1.2595,idle
131294,0.9758,-0.1748,0.3979,-3.5038,0.3969,1.5878,idle
131314,0.969,-0.176,0.4055,-3.374,0.1298,1.2443,idle
131334,0.9609,-0.186,0.3916,-3.4733,-0.0229,0.8855,idle
131354,0.9727,-0.1768,0.3972,-3.2748,-0.0382,0.8015,idle
131374,0.9734,-0.1743,0.4028,-3.3664,0.0916,0.9237,idle
131394,0.9712,-0.1719,0.3884,-3.4275,0.2977,1.5725,idle
131414,0.9756,-0.1746,0.396,-3.6336,0.1832,1.2901,idle
131434,0.9785,-0.1787,0.3965,-3.2824,-0.1145,0.8779,idle
131454,0.9719,-0.1772,0.4043,-3.3511,0.0458,0.9618,idle
131474,0.9695,-0.1724,0.3892,-3.4198,-0.0534,1.0382,idle
131494,0.9719,-0.1733,0.4016,-3.5802,0.2595,1.6031,idle
131514,0.9705,-0.1772,0.4038,-3.7099,0.0687,1.5038,idle
131534,0.9656,-0.1792,0.3975,-3.5573,0.2519,1.0534,idle
131554,0.9641,-0.1746,0.3906,-3.2366,-0.0458,0.3817,idle
131574,0.9727,-0.1711,0.4019,-3.374,-0.0611,0.5878,idle
131594,0.9717,-0.1724,0.3953,-3.3893,-0.2901,0.8702,idle
131614,0.9683,-0.168,0.3918,-3.5878,0.145,1.6718,idle
131634,0.9653,-0.1787,0.4014,-3.6031,0.084,1.5344,idle
131654,0.9788,-0.1787,0.4004,-3.2748,0.0763,0.9313,idle
131674,0.9734,-0.1711,0.4053,-3.458,0.0229,1.0229,idle
131694,0.9734,-0.1687,0.4033,-3.3359,-0.0229,0.855,idle
131714,0.9736,-0.1694,0.4009,-3.5496,-0.0458,1.3282,idle
131734,0.9641,-0.1714,0.4033,-3.5649,0.1908,1.542,idle
131754,0.9646,-0.1821,0.3997,-3.1298,0.1756,0.7863,idle
131774,0.9758,-0.1768,0.4038,-3.2901,0.313,1.0076,idle
131794,0.9778,-0.1714,0.407,-3.3969,0.0305,1.0305,idle
131814,0.9766,-0.1621,0.3918,-3.3053,0.1908,1.7252,idle
131834,0.9695,-0.1738,0.394,-3.2366,0.1069,1.2061,idle
131854,0.9695,-0.1724,0.3877,-3.2061,0.1527,0.9084,idle
131874,0.9734,-0.175,0.394,-3.3206,0.1679,1.0229,idle
131894,0.9705,-0.1741,0.3982,-3.3282,0.1756,0.8931,idle
131914,0.9646,-0.1765,0.3992,-3.3053,0.0992,0.6412,idle
131934,0.9695,-0.1692,0.3967,-3.0763,0.0992,0.5115,idle
131954,0.968,-0.1689,0.3999,-3.2748,-0.2366,0.9084,idle
131974,0.9675,-0.1721,0.4106,-3.1756,-0.2748,0.8244,idle
131994,0.9807,-0.1707,0.4036,-3.1374,0.2977,0.542,idle
132014,0.9688,-0.1619,0.3909,-3.2443,0.2595,1.0153,idle
132034,0.9753,-0.1738,0.3994,-3.3053,0.3664,1.313,idle
132054,0.9707,-0.1726,0.3994,-3.4046,0.0687,1.1603,idle
132074,0.9661,-0.1726,0.3928,-3.0916,0.0458,0.855,idle
132094,0.9668,-0.1704,0.3987,-3.229,0.0305,1.4122,idle
132114,0.9722,-0.1763,0.3936,-3.2137,0.0,1.0992,idle
132134,0.9683,-0.1682,0.3911,-3.3282,0.1145,0.7557,idle
132154,0.9778,-0.168,0.4006,-3.145,0.084,0.6031,idle
132174,0.9709,-0.1663,0.397,-3.5344,0.0687,1.374,idle
132194,0.9561,-0.1748,0.3979,-3.4122,0.0992,1.5802,idle
132214,0.9736,-0.1809,0.3962,-3.4427,0.3511,1.1832,idle
132234,0.9673,-0.167,0.3994,-3.2214,0.2748,0.4809,idle
132254,0.9702,-0.1697,0.3909,-3.4275,0.2901,1.2824,idle
132274,0.9675,-0.1807,0.3979,-3.6489,0.5191,1.3588,idle
132294,0.9653,-0.1812,0.3931,-3.458,0.3588,1.2901,idle
132314,0.9705,-0.1741,0.3994,-3.6718,0.3206,1.313,idle
132334,0.969,-0.1729,0.3979,-3.6412,0.0992,0.8779,idle
132354,0.9714,-0.1777,0.4033,-3.5573,0.0611,0.9313,idle
132374,0.9729,-0.1753,0.3984,-3.1527,0.0229,0.4885,idle
132394,0.979,-0.1667,0.394,-3.1679,0.1832,1.0458,idle
132414,0.9717,-0.1741,0.3906,-3.5115,-0.0534,1.1603,idle
132434,0.9688,-0.1709,0.3931,-3.5267,-0.1221,1.0992,idle
132454,0.9683,-0.1733,0.3804,-3.2519,0.0611,0.9847,idle
132474,0.9714,-0.1709,0.3994,-3.0763,0.2901,0.5115,idle
132494,0.9736,-0.1726,0.4097,-3.3893,-0.0229,1.1374,idle
132514,0.9722,-0.176,0.4033,-3.3817,0.0,1.2748,idle
132534,0.9714,-0.1721,0.3948,-3.626,0.2595,1.2595,idle
132554,0.9697,-0.1758,0.397,-3.4733,0.1832,0.6947,idle
132574,0.9673,-0.168,0.4053,-3.1069,0.3053,0.5038,idle
132594,0.9678,-0.1682,0.4028,-3.5115,0.313,1.2595,idle
132614,0.9678,-0.1702,0.3975,-3.7099,0.2137,1.3893,idle
132634,0.9717,-0.1729,0.4001,-3.3817,0.0687,1.084,idle
132654,0.9729,-0.1787,0.3999,-3.1756,0.2366,0.6412,idle
132674,0.968,-0.1685,0.3972,-3.5191,0.3969,0.5344,idle
132694,0.9714,-0.1738,0.3967,-3.4275,0.1908,1.0076,idle
132714,0.9736,-0.1702,0.4082,-3.1221,0.1679,0.7939,idle
132734,0.9619,-0.1653,0.4065,-3.3053,0.0458,1.6183,idle
132754,0.9702,-0.1758,0.4053,-3.4504,-0.1145,1.5573,idle
132774,0.9685,-0.1736,0.3931,-3.313,-0.0916,0.9313,idle
132794,0.9714,-0.1873,0.3977,-3.3435,-0.4962,0.7634,idle
132814,0.9709,-0.1702,0.4036,-2.9924,0.0076,0.3053,idle
132834,0.9817,-0.1699,0.3955,-3.1908,-0.2977,0.8244,idle
132854,0.9666,-0.1709,0.4053,-3.2672,-0.2137,1.4275,idle
132874,0.9714,-0.1641,0.3928,-3.7328,0.458,2.1908,idle
132894,0.9697,-0.1743,0.394,-3.6489,0.2901,1.8779,idle
132914,0.9663,-0.1785,0.3984,-3.3664,0.1145,1.0382,idle
132934,0.9673,-0.1738,0.3994,-3.4809,0.3893,1.1603,idle
132954,0.9663,-0.1641,0.3958,-3.4351,0.1145,0.8931,idle
132974,0.9697,-0.1677,0.4041,-3.3893,0.1145,1.1908,idle
132994,0.9622,-0.1733,0.3989,-3.4122,0.229,1.2214,idle
133014,0.9729,-0.1707,0.3921,-3.3206,0.0992,1.1145,idle
133034,0.9675,-0.166,0.4028,-3.2061,0.5725,1.2519,idle
133054,0.9739,-0.1628,0.4126,-3.6031,0.6183,1.7176,idle
133074,0.9702,-0.1797,0.3933,-3.855,0.4504,2.3053,idle
133094,0.9763,-0.1812,0.3958,-3.4962,0.0534,0.6794,idle
133114,0.9739,-0.1694,0.3987,-3.0229,0.229,0.1221,idle
133134,0.9688,-0.1672,0.4031,-3.5267,0.084,0.6641,idle
133154,0.9673,-0.1665,0.4021,-3.687,0.1832,1.2901,idle
133174,0.9778,-0.1738,0.4063,-3.5267,0.7557,1.6107,idle
133194,0.9695,-0.1655,0.3994,-3.6031,0.4046,1.3969,idle
133214,0.96,-0.1741,0.394,-3.7405,0.1908,1.458,idle
133234,0.9709,-0.1814,0.3984,-3.2672,0.1069,0.4885,idle
133254,0.9775,-0.1755,0.4058,-3.0992,-0.0534,0.2901,idle
133274,0.9678,-0.1638,0.4011,-3.2748,0.3817,0.7786,idle
133294,0.9697,-0.1694,0.3916,-3.3435,-0.1145,0.6718,idle
133314,0.9727,-0.1812,0.4055,-3.3359,-0.5191,1.1908,idle
133334,0.9658,-0.1777,0.3975,-3.0916,-0.6031,1.1908,idle
133354,0.9731,-0.1816,0.3945,-2.5878,-0.5038,0.0,idle
133374,0.937,-0.1807,0.3821,-2.313,-3.0382,-3.1908,idle
133394,0.9487,-0.1575,0.3848,0.0,-2.4046,-7.9237,idle
133414,0.9824,-0.1384,0.438,-2.4504,-5.4198,-6.7099,idle
133434,0.948,-0.1497,0.3921,-2.3664,-5.1145,-8.9542,idle
133454,1.0691,-0.1746,0.3545,-3.7023,5.4046,-8.229,idle
133474,0.9194,-0.0454,0.4133,-3.6031,-19.7023,-4.0,idle
133494,0.9575,-0.2266,0.4524,3.2137,-23.6718,-9.9924,idle
133514,1.0437,-0.1501,0.3489,3.0992,-14.5954,-16.9084,idle
133534,1.0063,-0.0779,0.3616,3.1145,-10.7176,-7.1221,idle
133554,0.9783,-0.0791,0.4004,-0.6794,-11.5115,-1.7252,idle
133574,0.9875,-0.0752,0.3701,-3.8473,-12.4275,4.2748,idle
133594,1.0076,-0.1113,0.3372,-6.313,-10.4198,7.4809,idle
133614,1.0259,-0.175,0.3186,-5.2672,-7.1832,5.7786,idle
133634,0.9841,-0.1685,0.3611,-2.916,-0.0916,1.0534,idle
133654,0.9763,-0.1711,0.3586,-1.7176,-0.229,-2.3969,idle
133674,0.9944,-0.1311,0.3464,-2.3053,-0.6947,-1.8779,idle
133694,0.9858,-0.1235,0.3777,-3.0763,0.5191,0.229,idle
133714,0.9878,-0.1348,0.3518,-3.0153,0.916,1.3588,idle
133734,0.9829,-0.1331,0.3562,-3.6412,-0.0153,2.1298,idle
133754,0.9802,-0.1406,0.3579,-3.5725,-0.3359,2.7634,idle
133774,0.9846,-0.1492,0.3533,-3.4351,-1.2519,2.5191,idle
133794,0.9961,-0.1399,0.3586,-2.9618,-1.374,1.7939,idle
133814,0.9807,-0.134,0.3613,-3.6947,-0.4809,1.8397,idle
133834,0.9858,-0.1462,0.3474,-3.9389,-0.5649,1.9389,idle
133854,0.9863,-0.1533,0.3579,-3.6641,-0.2901,1.2137,idle
133874,0.9883,-0.1445,0.355,-3.8168,-0.1069,1.3588,idle
133894,0.9836,-0.1479,0.3518,-3.8397,-0.1832,2.0534,idle
133914,0.9834,-0.1511,0.3518,-3.4733,-0.2137,1.2061,idle
133934,0.9929,-0.1428,0.3552,-3.2214,0.0611,0.6336,idle
133954,0.988,-0.1438,0.356,-3.3053,-0.0534,1.0153,idle
133974,0.9846,-0.1455,0.3486,-3.1221,-0.1603,0.9771,idle
133994,0.9844,-0.1409,0.3638,-3.1527,-0.0153,1.2901,idle
134014,0.9827,-0.1409,0.3535,-3.3511,0.1985,1.4656,idle
134034,0.99,-0.1421,0.3547,-3.1908,-0.1298,1.0763,idle
134054,0.9868,-0.1411,0.3584,-3.1756,0.313,1.0687,idle
134074,0.9861,-0.1499,0.3484,-3.1832,0.2519,1.1985,idle
134094,0.9797,-0.144,0.3455,-3.2366,0.0687,1.313,idle
134114,0.9819,-0.1455,0.3499,-3.3969,0.2443,1.1908,idle
134134,0.9895,-0.146,0.3538,-3.1374,0.3282,1.5115,idle
134154,0.9854,-0.1475,0.3499,-3.1679,0.3969,1.2672,idle
134174,0.9861,-0.146,0.3506,-3.3053,0.0916,1.6183,idle
134194,0.9832,-0.1357,0.3613,-3.1145,0.0763,1.3893,idle
134214,0.9807,-0.1365,0.3501,-3.3053,0.2366,1.8321,idle
134234,0.9851,-0.1504,0.3572,-3.4504,0.3664,1.9008,idle
134254,0.9917,-0.1489,0.3511,-3.2901,0.4046,1.2748,idle
134274,0.9875,-0.1482,0.3535,-3.1908,0.5802,1.1985,idle
134294,0.98,-0.1431,0.3596,-3.2977,0.2519,1.2824,idle
134314,0.9812,-0.1482,0.3645,-3.4733,0.1145,1.4504,idle
134334,0.9856,-0.1489,0.3618,-3.3969,0.2366,1.1145,idle
134354,0.9827,-0.145,0.3608,-3.2901,0.2366,1.0229,idle
134374,0.9937,-0.1423,0.3562,-3.374,0.2901,1.3893,idle
134394,0.9836,-0.1479,0.3638,-3.1221,0.2901,0.8931,idle
134414,0.9841,-0.1392,0.353,-3.4046,0.4504,0.8702,idle
134434,0.9846,-0.1453,0.3579,-3.3664,0.1679,0.9695,idle
134454,0.9866,-0.1428,0.3545,-3.374,0.4198,0.9924,idle
134474,0.9905,-0.1489,0.3591,-3.4198,0.0305,1.4733,idle
134494,0.98,-0.1438,0.3582,-3.5649,0.0611,1.1298,idle
134514,0.9841,-0.1543,0.3552,-3.3893,0.0229,1.2977,idle
134534,0.9795,-0.146,0.3545,-3.3359,0.4046,0.8931,idle
134554,0.9868,-0.1392,0.3618,-3.2672,-0.0153,0.9313,idle
134574,0.9768,-0.1453,0.364,-3.5649,0.084,1.9008,idle
134594,0.9883,-0.1448,0.3513,-3.4656,-0.0534,1.4046,idle
134614,0.9893,-0.1516,0.3577,-3.3969,0.1374,0.9542,idle
134634,0.9888,-0.1436,0.3618,-3.4427,0.1145,1.0458,idle
134654,0.9783,-0.1462,0.3572,-3.687,0.0382,1.4656,idle
134674,0.9863,-0.1433,0.3577,-3.5649,0.2901,1.3893,idle
134694,0.9832,-0.1436,0.3586,-3.4198,0.0153,1.1221,idle
134714,0.9817,-0.1438,0.3574,-3.2901,-0.1221,1.4198,idle
134734,0.9856,-0.1428,0.356,-3.3588,0.0305,1.2519,idle
134754,0.98,-0.1404,0.3533,-3.2977,0.2137,1.1985,idle
134774,0.9839,-0.1458,0.3547,-3.374,0.1221,1.229,idle
134794,0.9871,-0.1475,0.3477,-3.4885,0.2824,1.3664,idle
134814,0.9861,-0.1453,0.3535,-3.3435,0.0458,1.458,idle
134834,0.9856,-0.1438,0.3604,-3.458,-0.1374,1.6718,idle
134854,0.9919,-0.1533,0.3547,-3.3053,-0.0382,1.8015,idle
134874,0.9819,-0.1445,0.3528,-3.4046,0.0,1.542,idle
134894,0.9937,-0.1455,0.3542,-3.3969,0.1679,1.5267,idle
134914,0.988,-0.1475,0.3604,-3.2824,0.0611,1.4275,idle
134934,0.9846,-0.1458,0.3523,-3.2519,0.2672,1.5115,idle
134954,0.9868,-0.156,0.3533,-3.3359,0.0229,1.7252,idle
134974,0.9841,-0.1465,0.3528,-3.2137,0.3206,1.2061,idle
134994,0.9858,-0.1453,0.3533,-3.4809,0.2672,1.0611,idle
135014,0.9915,-0.1499,0.3518,-3.6489,0.7863,1.2824,idle
135034,0.9768,-0.1521,0.3684,-3.5649,0.1298,1.2061,idle
135054,0.9863,-0.1528,0.3579,-3.5649,0.229,1.1298,idle
135074,0.9871,-0.1497,0.3516,-3.4122,0.2672,1.0458,idle
135094,0.9954,-0.1494,0.3528,-3.4198,0.145,1.2366,idle
135114,0.988,-0.1497,0.3604,-3.2824,0.3206,0.9847,idle
135134,0.9861,-0.1453,0.3569,-3.3435,0.0992,1.0992,idle
135154,0.9902,-0.1445,0.3506,-3.313,0.1298,0.9466,idle
135174,0.9856,-0.1484,0.3513,-3.2901,0.1985,1.2061,idle
135194,0.9849,-0.1416,0.3538,-3.3053,0.084,1.3588,idle
135214,0.9861,-0.1501,0.3552,-3.5344,0.0,1.2214,idle
135234,0.9812,-0.144,0.3489,-3.1908,0.2137,0.9847,idle
135254,0.9868,-0.1431,0.3562,-3.4427,0.3053,1.0992,idle
135274,0.9856,-0.1431,0.3601,-3.4198,0.3588,1.3435,idle
135294,0.9873,-0.1548,0.354,-3.4427,-0.084,1.6336,idle
135314,0.9878,-0.1418,0.3567,-3.5802,-0.1069,2.3053,idle
135334,0.9858,-0.1497,0.3555,-4.145,-0.5191,3.4733,idle
135354,0.9988,-0.1497,0.3616,-3.229,-0.1832,2.6947,idle
135374,0.9746,-0.144,0.356,-3.5191,-0.3664,2.9237,idle
135394,0.981,-0.1375,0.3657,-3.7481,-0.313,3.1908,idle
135414,0.989,-0.1543,0.3425,-3.7099,0.3817,3.7481,idle
135434,0.9866,-0.1594,0.3496,-3.7328,-0.084,2.4656,idle
135454,0.9814,-0.1538,0.3574,-3.5573,0.0992,1.7099,idle
135474,0.9893,-0.1563,0.355,-3.4733,0.0382,1.4351,idle
135494,0.9866,-0.1575,0.3542,-3.5115,0.0992,1.2672,idle
135514,0.9854,-0.1504,0.3477,-3.3053,0.1145,1.229,idle
135534,0.9841,-0.1594,0.3513,-3.3664,-0.0992,1.1603,idle
135554,0.9839,-0.1594,0.3506,-3.229,0.0916,0.5496,idle
135574,0.9873,-0.1455,0.3599,-3.5573,0.0534,0.7481,idle
135594,0.9839,-0.1494,0.3542,-3.5573,0.0,1.4351,idle
135614,0.9875,-0.1519,0.3623,-3.4198,0.0611,1.2977,idle
135634,0.99,-0.1582,0.3599,-3.5191,0.0,1.2519,idle
135654,0.9739,-0.1543,0.3501,-3.4198,0.0916,1.3053,idle
135674,0.9846,-0.1536,0.355,-3.3206,0.1069,1.0992,idle
135694,0.9841,-0.1453,0.3572,-3.3435,0.0153,1.2824,idle
135714,0.9849,-0.1492,0.3501,-3.4198,0.1527,1.3282,idle
135734,0.99,-0.1504,0.353,-3.626,0.1985,1.0229,idle
135754,0.9773,-0.1558,0.3547,-3.1679,0.0992,1.4885,idle
135774,0.9827,-0.1506,0.3601,-3.5344,0.0534,1.5649,idle
135794,0.9875,-0.158,0.3542,-3.3282,0.2061,1.0305,idle
135814,0.9851,-0.1526,0.3547,-3.3282,0.2595,0.6718,idle
135834,0.9824,-0.1462,0.3557,-3.0611,0.1374,0.6183,idle
135854,0.989,-0.1455,0.3594,-3.4351,0.1832,1.2977,idle
135874,0.9878,-0.1531,0.3616,-3.4427,0.0,1.7328,idle
135894,0.9849,-0.1528,0.3501,-3.2672,0.0076,1.1985,idle
135914,0.9834,-0.1526,0.3584,-3.1756,0.1145,1.0,idle
135934,0.9822,-0.1477,0.3606,-3.3817,0.2595,0.9771,idle
135954,0.9822,-0.1482,0.3591,-3.5878,0.2061,1.0687,idle
135974,0.9834,-0.1567,0.3508,-3.4122,0.0992,0.9389,idle
135994,0.99,-0.1494,0.3535,-3.5038,0.1832,1.1603,idle
136014,0.9883,-0.1541,0.3577,-3.542,0.2137,1.1374,idle
136034,0.9851,-0.1511,0.355,-3.1908,0.313,0.3664,idle
136054,0.9807,-0.1479,0.3628,-3.4656,0.1679,0.8168,idle
136074,0.989,-0.1475,0.3582,-3.4046,0.0916,1.0153,idle
136094,0.9885,-0.1587,0.3533,-3.4733,0.3282,0.7328,idle
136114,0.9902,-0.1577,0.343,-3.1527,0.374,0.2137,idle
136134,0.9871,-0.1523,0.356,-3.1679,0.2366,0.4351,idle
136154,0.9885,-0.1409,0.3552,-3.1908,0.313,0.5954,idle
136174,0.9854,-0.1592,0.3562,-3.2137,0.5115,0.2214,idle
136194,0.9893,-0.1545,0.3579,-2.8015,0.6947,-0.3053,idle
136214,0.9812,-0.1748,0.3447,-1.9466,0.8779,-2.6183,idle
136234,0.9849,-0.146,0.356,-1.7863,1.3664,-3.7939,idle
136254,0.9839,-0.1406,0.3689,-2.3435,1.0534,-1.9771,idle
136274,0.9817,-0.1455,0.3582,-2.9084,0.6031,-0.8244,idle
136294,0.9829,-0.1594,0.3591,-2.687,1.2061,-1.145,idle
136314,0.9893,-0.1548,0.3552,-1.8015,1.3282,-4.0,idle
136334,0.9983,-0.1375,0.353,-1.5191,2.1069,-4.0305,idle
136354,0.9775,-0.1189,0.3672,-2.7328,0.6718,-0.855,idle
136374,0.9802,-0.1138,0.3618,-3.458,0.2595,1.7328,idle
136394,0.9895,-0.1357,0.3564,-3.7863,-0.0458,2.2748,idle
136414,0.9814,-0.1528,0.3596,-3.2595,-0.0382,1.7023,idle
136434,0.9871,-0.1428,0.3657,-3.5573,0.0687,1.5954,idle
136454,0.9927,-0.135,0.3674,-3.8321,-0.1145,2.2977,idle
136474,0.9844,-0.135,0.3518,-3.5878,-0.2977,2.1679,idle
136494,0.9878,-0.1504,0.3604,-3.5267,0.0229,1.9084,idle
136514,0.9841,-0.144,0.3491,-3.2672,-0.0763,1.0992,idle
2361533,0.8484,0.0664,0.6819,-4.5191,20.4656,0.6107,wave_left
2361553,0.8257,0.0559,0.7307,-9.5115,18.3969,6.9542,wave_left
2361573,0.8354,0.0913,0.7341,-14.7481,11.8702,7.9618,wave_left
2361593,0.9041,0.1309,0.6855,-20.8931,18.084,19.9237,wave_left
2361613,0.9282,0.1226,0.6643,-31.2366,30.0458,43.313,wave_left
2361633,0.9871,0.0149,0.7737,-41.0382,41.2672,48.4962,wave_left
2361653,0.8716,0.0674,0.7979,-48.084,39.4351,50.0534,wave_left
2361673,0.8154,0.1331,0.7791,-61.5649,34.7023,87.0305,wave_left
2361693,0.8022,0.0681,0.6807,-79.8397,35.4122,125.5878,wave_left
2361713,0.8318,-0.1094,0.7261,-89.3969,36.1527,140.9847,wave_left
2361733,0.7302,-0.22,0.8169,-97.0534,39.5954,137.8244,wave_left
2361753,0.6265,-0.25,0.76,-103.3893,35.2672,146.6412,wave_left
2361773,0.5605,-0.3745,0.7031,-107.4809,29.7634,157.3359,wave_left
2361793,0.4727,-0.3979,0.6677,-113.9924,29.1221,170.4504,wave_left
2361813,0.3452,-0.54,0.6846,-120.9389,25.2443,184.626,wave_left
2361833,0.2378,-0.7529,0.6221,-124.1985,17.6107,187.458,wave_left
2361853,0.1567,-0.8958,0.5576,-120.6107,15.8702,173.7023,wave_left
2361873,0.0396,-0.9204,0.5593,-114.313,5.9847,168.7557,wave_left
2361893,-0.0925,-0.9265,0.4846,-111.8473,-15.8244,182.8855,wave_left
2361913,-0.1697,-1.0071,0.4329,-112.1679,-43.5649,207.7176,wave_left
2361933,-0.2407,-1.1458,0.332,-110.7634,-70.9542,218.687,wave_left
2361953,-0.197,-1.3301,0.2632,-97.4885,-88.3435,190.6641,wave_left
2361973,-0.1631,-1.2869,0.2856,-77.626,-116.2748,160.6107,wave_left
2361993,-0.1194,-1.196,0.1257,-64.6183,-139.1069,160.8931,wave_left
2362013,-0.1025,-1.2368,0.0667,-57.4351,-148.5954,164.3435,wave_left
2362033,-0.1238,-1.3037,0.0227,-48.4656,-153.3206,139.3282,wave_left
2362053,-0.0781,-1.1265,0.0295,-41.5496,-178.229,138.1527,wave_left
2362073,-0.0388,-1.1182,-0.0046,-36.2824,-197.2595,153.4809,wave_left
2362093,0.0889,-1.1995,-0.0747,-30.4886,-194.8779,140.8244,wave_left
2362113,0.113,-1.1882,-0.0217,-19.5114,-184.1756,91.7099,wave_left
2362133,0.0525,-0.8567,0.0581,-17.0992,-196.4886,82.2977,wave_left
2362153,0.094,-0.863,-0.0027,-22.0229,-204.2672,93.4657,wave_left
2362173,0.1804,-1.0137,-0.0449,-26.5573,-191.6031,72.2366,wave_left
2362193,0.2368,-1.1567,-0.0137,-14.6336,-178.4351,14.0382,wave_left
2362213,0.2139,-0.917,0.0493,-5.2366,-174.0992,-13.9771,wave_left
2362233,0.2561,-0.8906,-0.0115,-3.4962,-163.7023,-12.6183,wave_left
2362253,0.2427,-0.9329,0.0776,-1.3435,-162.771,-21.1145,wave_left
2362273,0.3499,-0.9812,0.0796,3.8931,-164.6565,-22.4504,wave_left
2362293,0.4153,-0.9604,0.0408,9.5954,-153.2061,-29.7099,wave_left
2362313,0.4822,-1.0264,0.0623,19.7328,-129.5496,-51.3282,wave_left
2362333,0.5081,-1.0845,0.1353,27.084,-106.8931,-94.7099,wave_left
2362353,0.5388,-0.9482,0.2078,31.7786,-97.5725,-125.5573,wave_left
2362373,0.5383,-0.7986,0.2141,29.0076,-83.0611,-111.916,wave_left
2362393,0.5652,-0.8728,0.2454,25.4809,-74.4733,-100.3053,wave_left
2362413,0.6174,-0.9895,0.2673,28.6336,-63.1221,-118.4122,wave_left
2362433,0.5454,-0.7778,0.3179,23.9313,-58.3053,-119.3664,wave_left
2362453,0.6345,-0.8374,0.2563,21.2137,-49.3817,-98.6565,wave_left
2362473,0.6492,-0.8894,0.3044,18.4962,-27.8092,-95.2443,wave_left
2362493,0.5894,-1.0776,0.2773,32.6794,-14.313,-110.0763,wave_left
2362513,0.5852,-0.7769,0.4016,69.4122,-12.1756,-110.5267,wave_left
2363853,0.9041,-0.0452,0.5454,-6.1985,5.7557,-5.8855,wave_left
2363873,0.9753,-0.0715,0.5549,-8.6107,8.145,1.6336,wave_left
2363893,1.0901,-0.1655,0.5989,-6.1527,14.1221,-7.6794,wave_left
2363913,1.1411,-0.1992,0.6189,0.229,22.7405,-40.2443,wave_left
2363933,1.1301,-0.1543,0.5955,4.1679,36.626,-61.3893,wave_left
2363953,1.2661,-0.1465,0.5928,7.9771,57.0916,-76.0611,wave_left
2363973,1.1694,-0.1694,0.6418,9.9466,71.3511,-88.1527,wave_left
2363993,1.0862,-0.0476,0.6729,10.0305,82.3359,-95.1908,wave_left
2364013,0.9805,0.2434,0.7434,2.8702,77.4885,-56.3359,wave_left
2364033,0.9719,0.1875,0.7524,-6.3511,74.0992,1.3435,wave_left
2364053,0.9541,0.0515,0.7283,-13.8092,73.9847,28.626,wave_left
2364073,0.8708,0.0461,0.7139,-17.5725,72.7252,29.3588,wave_left
2364093,0.8735,0.0137,0.6858,-18.7863,84.1145,27.8397,wave_left
2364113,0.7314,0.0693,0.761,-22.9313,80.7481,31.313,wave_left
2364133,0.5581,0.1599,0.7935,-32.1908,62.6031,55.3359,wave_left
2364153,0.5015,0.248,0.761,-47.0916,50.542,95.9847,wave_left
2364173,0.4807,0.1907,0.7747,-67.3359,34.1145,138.4198,wave_left
2364193,0.4214,0.105,0.7793,-87.8397,16.3282,161.9924,wave_left
2364213,0.344,0.0979,0.7439,-110.7481,0.0534,200.0458,wave_left
2364233,0.2822,-0.0505,0.6902,-132.4046,-18.687,234.0916,wave_left
2364253,0.2566,-0.2271,0.6294,-153.3359,-32.9008,250.1298,wave_left
2364273,0.1624,-0.4253,0.5615,-172.7099,-43.7557,250.1298,wave_left
2364293,0.0576,-0.6577,0.4673,-189.313,-58.9924,250.1298,wave_left
2364313,-0.0361,-0.8608,0.3857,-196.3512,-77.2595,250.1298,wave_left
2364333,-0.1318,-1.1274,0.2969,-189.916,-98.084,250.1298,wave_left
2364353,-0.1802,-1.3169,0.1748,-176.2137,-122.5649,250.1298,wave_left
2364373,-0.1963,-1.406,0.1279,-155.5725,-141.0458,248.687,wave_left
2364393,-0.2581,-1.2375,0.002,-136.4657,-162.8855,242.4886,wave_left
2364413,-0.2454,-1.2815,-0.1812,-117.145,-175.3206,250.1298,wave_left
2364433,-0.2437,-1.4504,-0.2129,-90.0076,-176.626,250.1298,wave_left
2364453,-0.3411,-1.4275,-0.1716,-65.9466,-176.855,209.6183,wave_left
2364473,-0.2703,-1.4548,-0.1311,-40.7405,-185.0229,153.9237,wave_left
2364493,-0.1445,-1.3157,-0.1433,-8.458,-183.8015,79.4122,wave_left
2364513,-0.1062,-1.1458,-0.0991,16.145,-172.458,34.8015,wave_left
2364533,-0.1001,-1.0942,-0.0559,27.8321,-163.8779,0.6565,wave_left
2364553,0.0059,-1.1528,0.0166,30.7557,-169.8626,-34.9008,wave_left
2364573,0.0815,-0.9507,-0.0525,39.2366,-172.7252,-53.9237,wave_left
2364593,0.157,-0.8679,-0.0698,37.7023,-163.2748,-40.0763,wave_left
2364613,0.2341,-1.0049,-0.0027,36.0305,-155.7863,-48.3282,wave_left
2364633,0.3064,-1.061,0.0776,35.2977,-156.3969,-81.8779,wave_left
2364653,0.3635,-0.8889,0.0708,47.6947,-151.7405,-93.8626,wave_left
2364673,0.4084,-0.8657,0.0908,51.2901,-139.1374,-83.8168,wave_left
2364693,0.4839,-0.8689,0.0894,47.2595,-121.855,-82.0763,wave_left
2364713,0.4553,-0.7271,0.1748,36.2748,-108.5038,-79.0,wave_left
2364733,0.499,-0.8074,0.2595,28.4046,-110.1221,-56.3588,wave_left
2364753,0.5474,-0.8501,0.2527,26.5573,-117.9847,-51.3893,wave_left
2364773,0.6123,-0.8743,0.146,27.2061,-101.9771,-57.0229,wave_left
2364793,0.6011,-0.8943,0.1536,26.9618,-72.7863,-72.2977,wave_left
2364813,0.616,-0.9246,0.2588,27.1221,-52.9084,-93.2901,wave_left
2364833,0.5935,-0.9492,0.2935,32.0229,-48.5038,-124.0,wave_left
2366109,0.926,0.0662,0.6677,-34.1908,1.1527,7.1069,wave_left
2366129,1.0251,0.0608,0.6494,-35.458,9.6031,31.458,wave_left
2366149,1.072,-0.1013,0.6765,-32.0534,19.3435,29.7557,wave_left
2366169,1.0908,-0.0894,0.7029,-28.3817,25.1374,8.8473,wave_left
2366189,1.0461,-0.0388,0.6516,-29.5496,32.3969,5.1603,wave_left
2366209,1.0393,-0.0757,0.6501,-31.0305,45.3282,15.7328,wave_left
2366229,1.0427,-0.146,0.6174,-30.1145,54.9313,20.2748,wave_left
2366249,0.9805,-0.2153,0.6294,-27.7099,60.8397,23.5344,wave_left
2366269,0.9204,-0.3779,0.6272,-18.9847,66.8015,8.1603,wave_left
2366289,0.8176,-0.3896,0.6252,-8.5038,65.9389,-27.0,wave_left
2366309,0.7073,-0.2432,0.644,-0.771,65.4962,-32.4962,wave_left
2366329,0.6567,-0.1914,0.6929,9.3969,56.4046,-29.3511,wave_left
2366349,0.5967,-0.0974,0.7385,9.2443,40.4351,-23.229,wave_left
2366369,0.571,-0.0193,0.7571,3.2824,26.1832,-16.3511,wave_left
2366389,0.6052,0.0493,0.8076,-4.8702,12.7939,-0.626,wave_left
2366409,0.6714,0.0908,0.7576,-10.8779,8.1985,16.4351,wave_left
2366429,0.7144,0.0581,0.8047,-20.6183,6.8855,36.1603,wave_left
2366449,0.6929,0.094,0.832,-34.6641,0.3664,47.855,wave_left
2366469,0.6279,0.2322,0.8179,-56.9618,-4.6947,88.5802,wave_left
2366489,0.5596,0.2336,0.8611,-88.229,-8.8473,156.7176,wave_left
2366509,0.4692,-0.0273,0.8506,-116.1145,-4.7252,224.9771,wave_left
2366529,0.2375,-0.27,0.9458,-135.145,-18.374,250.1298,wave_left
2366549,0.2524,-0.4565,0.9172,-141.458,-42.3206,250.1298,wave_left
2366569,0.4465,-0.8142,0.6536,-140.6107,-38.9618,250.1298,wave_left
2366589,0.3928,-0.7754,0.6592,-142.5802,-25.687,250.1298,wave_left
2366609,0.2312,-0.9492,0.5083,-161.687,-23.8168,250.1298,wave_left
2366629,0.0474,-0.8774,0.3237,-182.4198,-20.1603,250.1298,wave_left
2366649,-0.1484,-0.9651,0.208,-194.771,-27.6794,250.1298,wave_left
2366669,-0.269,-1.2747,0.1221,-188.916,-31.5573,250.1298,wave_left
2366689,-0.3774,-1.3337,-0.0249,-172.3664,-31.6794,250.1298,wave_left
2366709,-0.553,-1.2813,-0.0261,-152.3893,-39.5573,250.1298,wave_left
2366729,-0.7468,-1.2498,-0.0518,-131.8015,-55.0916,250.1298,wave_left
2366749,-0.8877,-1.3062,-0.0784,-108.2366,-77.7634,234.1221,wave_left
2366769,-0.8164,-1.231,-0.156,-74.4885,-102.6641,127.7328,wave_left
2366789,-0.6384,-1.2192,-0.1714,-33.3969,-119.6107,32.2443,wave_left
2366809,-0.5061,-1.0706,-0.1658,-2.3664,-124.9695,-53.626,wave_left
2366829,-0.4585,-0.8481,-0.0562,12.0305,-131.9466,-89.6183,wave_left
2366849,-0.3804,-0.7859,0.0066,11.9084,-149.6412,-79.5115,wave_left
2366869,-0.1624,-0.7739,-0.0154,6.4962,-152.6412,-65.1756,wave_left
2366889,-0.1489,-0.762,0.0708,-1.7176,-150.4351,-58.4046,wave_left
2366909,-0.1719,-0.8408,0.1597,-9.2901,-155.0611,-56.6336,wave_left
2366929,-0.1401,-0.8845,0.1521,-6.4809,-177.2824,-49.3206,wave_left
2366949,0.0879,-0.9702,-0.0188,3.4122,-176.7863,-38.4809,wave_left
2366969,0.0706,-0.9363,-0.0256,11.3511,-160.6794,-63.458,wave_left
2366989,0.1338,-1.0115,0.1294,16.1679,-151.7023,-84.5725,wave_left
2367009,0.2349,-1.0056,0.2256,16.9924,-145.9924,-103.7557,wave_left
2367029,0.252,-0.949,0.2434,24.0992,-141.9313,-111.8855,wave_left
2367049,0.2402,-0.8931,0.2185,30.2977,-142.1298,-116.8702,wave_left
2367069,0.3833,-0.8333,0.1584,30.4733,-138.3359,-89.313,wave_left
2367089,0.509,-1.0059,0.1692,35.8473,-110.5038,-81.0229,wave_left
2368845,0.8462,0.1909,0.7341,-4.771,5.0687,-22.4962,wave_left
2368865,0.8181,0.3052,0.7964,-10.9084,3.6412,-9.3053,wave_left
2368885,0.8638,0.2551,0.8555,-16.7405,-0.3893,-1.7023,wave_left
2368905,0.8115,0.3376,0.8083,-29.5954,-2.7481,11.6565,wave_left
2368925,0.8779,0.3044,0.814,-40.687,-3.084,20.7557,wave_left
2368945,0.9468,0.2437,0.8916,-50.084,-5.0382,32.4733,wave_left
2368965,0.8667,0.2742,0.8557,-62.1603,-9.0229,41.9924,wave_left
2368985,0.7861,0.3081,0.7725,-77.8779,-12.0305,92.7023,wave_left
2369005,0.8499,0.1843,0.7383,-87.6718,1.6183,152.7634,wave_left
2369025,0.8105,0.0073,0.7864,-96.0153,8.0,188.771,wave_left
2369045,0.7649,-0.1953,0.7715,-103.084,1.6031,193.5954,wave_left
2369065,0.6956,-0.2297,0.7092,-107.855,2.0458,203.6107,wave_left
2369085,0.6797,-0.2595,0.6375,-113.6489,8.8702,231.8321,wave_left
2369105,0.6135,-0.4783,0.644,-118.6641,11.4656,250.1298,wave_left
2369125,0.4995,-0.6711,0.5735,-119.7939,8.2901,250.1298,wave_left
2369145,0.395,-0.7966,0.4998,-114.084,4.8092,250.1298,wave_left
2369165,0.3274,-0.9329,0.4502,-109.6947,-0.5496,250.1298,wave_left
2369185,0.2273,-1.0032,0.3787,-105.084,-3.542,250.1298,wave_left
2369205,0.0066,-0.9097,0.3379,-101.8015,-14.1908,250.1298,wave_left
2369225,-0.1182,-1.1191,0.3237,-98.7099,-34.7176,250.1298,wave_left
2369245,-0.1809,-1.2119,0.3696,-87.5954,-57.6183,250.1298,wave_left
2369265,-0.188,-1.2063,0.2632,-71.9466,-76.9542,250.1298,wave_left
2369285,-0.22,-1.207,0.1748,-55.4656,-87.9542,235.5114,wave_left
2369305,-0.2617,-1.1804,0.2224,-41.2748,-98.5954,206.7176,wave_left
2369325,-0.3198,-1.1074,0.1851,-32.8321,-114.4733,169.1221,wave_left
2369345,-0.2412,-1.0552,0.1426,-27.458,-126.374,145.5114,wave_left
2369365,-0.1775,-0.9868,0.167,-28.4809,-134.2519,142.5725,wave_left
2369385,-0.1741,-0.9709,0.084,-28.0611,-132.9389,129.0153,wave_left
2369405,-0.1572,-1.0789,0.1448,-23.3282,-131.1985,86.4046,wave_left
2369425,-0.1643,-0.9724,0.2168,-13.6031,-136.3053,44.3664,wave_left
2369445,-0.1821,-0.7981,0.1475,-15.5344,-141.5802,46.1374,wave_left
2369465,-0.1479,-0.9668,0.1479,-17.3588,-145.4886,33.7405,wave_left
2369485,-0.0696,-0.9031,0.1316,-29.4733,-152.0916,12.1603,wave_left
2369505,-0.0547,-0.8477,0.0867,-33.8397,-150.7863,12.7099,wave_left
2369525,-0.0764,-0.9382,0.1179,-34.2366,-149.0687,-4.7176,wave_left
2369545,-0.0129,-1.0024,0.1331,-32.2214,-155.1603,-44.2824,wave_left
2369565,0.1277,-0.9573,0.1487,-26.6565,-159.3588,-53.9771,wave_left
2369585,0.2275,-0.9338,0.1282,-23.7863,-152.1832,-31.9924,wave_left
2369605,0.2893,-1.0259,0.1431,-17.4122,-137.7481,-27.1603,wave_left
2369625,0.3616,-1.1194,0.2051,-12.9237,-120.8244,-41.916,wave_left
2369645,0.4207,-1.0671,0.2363,-3.9084,-107.7405,-58.0382,wave_left
2369665,0.5115,-1.0669,0.3081,3.8244,-88.6412,-60.6031,wave_left
2369685,0.4861,-0.9465,0.3286,4.9542,-72.3359,-60.3969,wave_left
2369705,0.48,-0.9043,0.311,-2.8015,-61.458,-27.4504,wave_left
2369725,0.4465,-0.9788,0.3511,-5.8168,-50.8779,-4.7939,wave_left
2369745,0.417,-1.0549,0.3306,-4.9466,-45.5267,-7.0305,wave_left
2369765,0.384,-1.0425,0.2886,-1.6031,-38.2977,-14.5649,wave_left
2369785,0.3186,-1.0176,0.2683,-0.4733,-29.3053,-17.7863,wave_left
2369805,0.2864,-1.0068,0.2871,0.2672,-21.1527,-15.9771,wave_left
2369825,0.2351,-0.9971,0.3052,3.2595,-16.0611,-18.2748,wave_left
2371316,0.8667,-0.0125,0.6602,-7.7099,2.7023,-1.9084,wave_left
2371336,0.8694,0.053,0.6748,-11.4809,2.5954,6.5573,wave_left
2371356,0.8477,0.0071,0.679,-17.0687,2.5954,20.5573,wave_left
2371376,0.8372,-0.0862,0.6826,-16.771,-2.9618,23.626,wave_left
2371396,0.8606,-0.0671,0.6477,-14.3969,-5.5115,22.8931,wave_left
2371416,0.8806,-0.0408,0.6565,-15.6947,0.313,21.5038,wave_left
2371436,0.8894,-0.0898,0.6633,-17.7786,2.7099,24.6641,wave_left
2371456,0.8704,-0.1809,0.6658,-15.2748,1.4427,18.9008,wave_left
2371476,0.8608,-0.1941,0.6526,-8.8779,1.9695,2.1603,wave_left
2371496,0.8582,-0.1304,0.6555,-5.0763,3.2672,-7.2443,wave_left
2371516,0.8398,-0.0933,0.658,-6.626,2.687,-1.9389,wave_left
2371536,0.8401,-0.1033,0.6768,-7.5649,-0.2137,4.4122,wave_left
2371556,0.8679,-0.1438,0.6587,-6.8168,-0.313,0.4427,wave_left
2371576,0.8704,-0.1255,0.6636,-5.3817,0.916,-1.2901,wave_left
2371596,0.8672,-0.0823,0.6794,-6.0534,0.8168,2.6641,wave_left
2371616,0.866,-0.0815,0.6885,-8.8092,1.3664,7.2443,wave_left
2371636,0.8577,-0.0442,0.7175,-11.0076,1.4046,12.3053,wave_left
2371656,0.8555,0.0127,0.7888,-16.8473,2.313,23.7786,wave_left
2371676,0.8521,0.0542,0.8574,-28.3969,-0.1145,50.374,wave_left
2371696,0.832,0.0884,0.9341,-49.0458,-7.3359,103.9008,wave_left
2371716,0.825,-0.0405,0.9395,-71.6412,-16.8015,168.7252,wave_left
2371736,0.738,-0.1719,0.876,-90.9008,-15.0153,245.5573,wave_left
2371756,0.6321,-0.3784,0.7957,-111.8244,-7.0916,250.1298,wave_left
2371776,0.5894,-0.7749,0.698,-120.4657,-0.4122,250.1298,wave_left
2371796,0.3503,-0.8755,0.5725,-123.6107,-3.7023,250.1298,wave_left
2371816,0.1865,-0.9888,0.3809,-121.4122,-2.5954,250.1298,wave_left
2371836,-0.0571,-1.1096,0.3445,-113.916,-18.1527,250.1298,wave_left
2371856,-0.2041,-1.2341,0.2734,-96.3588,-45.7023,250.1298,wave_left
2371876,-0.3091,-1.1885,0.248,-87.771,-77.4809,250.1298,wave_left
2371896,-0.4199,-0.9807,0.2156,-83.1069,-110.7786,250.1298,wave_left
2371916,-0.4539,-0.9995,0.1082,-86.5038,-137.6488,250.1298,wave_left
2371936,-0.3396,-1.2395,0.0801,-80.229,-153.3817,250.1298,wave_left
2371956,-0.208,-1.332,0.0474,-56.2672,-155.1069,210.3206,wave_left
2371976,-0.2349,-1.1838,-0.032,-29.8168,-145.8397,140.2977,wave_left
2371996,-0.2651,-1.1394,-0.002,-9.542,-131.8855,72.8244,wave_left
2372016,-0.2358,-1.0681,0.1025,-3.7863,-144.3435,26.7863,wave_left
2372036,-0.1851,-0.864,0.0676,-3.374,-154.6412,25.0,wave_left
2372056,-0.137,-0.894,0.0332,-6.4962,-151.9924,32.5038,wave_left
2372076,-0.1108,-1.0291,0.1169,-9.0305,-151.771,3.0382,wave_left
2372096,-0.0015,-0.9331,0.1189,-6.6565,-159.0382,-26.7099,wave_left
2372116,0.0417,-0.8967,0.0962,-6.6336,-157.145,-5.1527,wave_left
2372136,0.0085,-0.9287,0.0784,-5.9847,-150.3969,4.1679,wave_left
2372156,0.0298,-0.9734,0.1265,-5.2672,-157.1069,-14.6489,wave_left
2372176,0.104,-0.9424,0.1531,-2.0763,-161.4046,-30.8168,wave_left
2372196,0.1238,-0.8589,0.0955,-3.5038,-157.626,-22.5038,wave_left
2372216,0.167,-0.9866,0.0793,-3.0229,-149.4809,-30.6565,wave_left
2372236,0.2671,-1.0542,0.167,-2.4504,-146.2595,-57.8321,wave_left
2372256,0.2651,-0.9263,0.1716,-0.4809,-145.5954,-73.687,wave_left
2372276,0.2317,-0.8303,0.1965,-2.3588,-153.6031,-55.4275,wave_left
2372296,0.3757,-0.9277,0.1833,-3.0458,-156.6641,-37.229,wave_left
2373597,0.9023,-0.0571,0.6699,-32.0153,5.8702,15.1145,wave_left
2373617,0.9485,-0.0188,0.6699,-35.4962,12.2366,30.8473,wave_left
2373637,1.0176,-0.1248,0.6877,-33.7557,22.3435,26.687,wave_left
2373657,0.905,-0.1304,0.6895,-34.0534,26.2824,31.0687,wave_left
2373677,0.9473,-0.1646,0.6917,-29.7252,32.1145,31.084,wave_left
2373697,1.0732,-0.0911,0.7224,-26.3282,47.542,29.8779,wave_left
2373717,1.0676,-0.2339,0.72,-24.6641,62.3817,18.9695,wave_left
2373737,0.958,-0.1807,0.8311,-22.9084,71.0763,6.7557,wave_left
2373757,0.814,-0.1123,0.8955,-20.626,67.1603,19.0153,wave_left
2373777,0.6904,-0.1377,0.8184,-21.2443,50.0687,41.145,wave_left
2373797,0.7627,-0.3147,0.7935,-20.7939,46.3282,40.2214,wave_left
2373817,0.7925,-0.3452,0.8293,-9.4275,49.8779,-3.6718,wave_left
2373837,0.7258,-0.1956,0.8469,-5.0763,43.8779,-6.1374,wave_left
2373857,0.6733,-0.113,0.877,-4.6565,36.6794,2.4809,wave_left
2373877,0.6653,-0.0828,0.8064,-9.0916,29.3053,19.7405,wave_left
2373897,0.7427,-0.1858,0.8354,-12.3206,36.1069,13.6336,wave_left
2373917,0.7007,-0.1353,0.8938,-12.8244,37.4275,8.9924,wave_left
2373937,0.6406,-0.1323,0.8906,-17.0458,29.4504,12.5038,wave_left
2373957,0.6062,-0.2141,0.8699,-23.5649,26.5267,16.1985,wave_left
2373977,0.5217,-0.3469,0.9021,-28.626,17.4504,31.8092,wave_left
2373997,0.5107,-0.5356,0.8518,-24.5267,0.6336,49.5344,wave_left
2374017,0.5366,-0.7161,0.7466,-7.8702,-13.8168,59.5038,wave_left
2374037,0.5913,-0.7869,0.687,15.8244,-20.4809,72.0458,wave_left
2374057,0.6941,-0.9395,0.5864,42.7939,-17.3359,52.0382,wave_left
2374077,0.6814,-0.8052,0.5896,73.2595,-10.313,11.2366,wave_left
2374097,0.593,-0.5959,0.5974,92.6947,-10.1679,15.5115,wave_left
2374117,0.552,-0.5002,0.6292,103.542,-13.3969,31.7176,wave_left
2374137,0.5613,-0.4604,0.6616,113.7939,-23.3206,35.8168,wave_left
2374157,0.5642,-0.3726,0.6567,122.6336,-34.1069,38.7863,wave_left
2374177,0.6013,-0.3516,0.5786,128.1908,-42.1832,39.0305,wave_left
2374197,0.6807,-0.3127,0.584,140.2748,-46.771,22.6489,wave_left
2374217,0.7346,-0.1689,0.5662,151.2061,-46.542,5.6412,wave_left
2374237,0.7429,-0.0044,0.5046,152.9008,-44.9313,9.5954,wave_left
2374257,0.7876,0.0205,0.5295,146.4733,-43.3435,16.5573,wave_left
2374277,0.8494,0.1343,0.5625,145.6336,-44.3511,11.2977,wave_left
2374297,0.8511,0.2083,0.4915,141.5114,-40.9313,12.1832,wave_left
2374317,0.7727,0.2759,0.5547,135.7252,-42.313,24.7405,wave_left
2374337,0.8462,0.2864,0.4988,133.0763,-48.5267,27.7481,wave_left
2374357,0.8955,0.2771,0.4424,131.3664,-42.313,4.0992,wave_left
2374377,0.8203,0.366,0.4805,124.0,-37.0534,-1.9771,wave_left
2374397,0.8203,0.4546,0.5176,120.458,-43.2137,1.4046,wave_left
2374417,0.8528,0.5093,0.4988,120.6794,-51.2748,9.7023,wave_left
2374437,0.8313,0.5308,0.4443,113.2366,-53.1145,11.4198,wave_left
2374457,0.866,0.5181,0.4517,101.5878,-55.6489,12.6565,wave_left
2374477,0.9661,0.551,0.3972,84.7863,-42.0611,10.0153,wave_left
2374497,0.9648,0.5122,0.4595,77.5343,-34.7252,11.855,wave_left
2374517,0.9495,0.5693,0.4868,73.8397,-36.7176,12.6107,wave_left
2374537,1.0066,0.5239,0.4219,65.6641,-34.5878,11.5038,wave_left
2374557,1.0266,0.5305,0.4519,52.6031,-21.3893,1.0687,wave_left
2374577,1.0071,0.5791,0.4663,30.2366,-16.2901,9.9542,wave_left
2376053,0.5261,-0.2864,0.96,-7.3053,1.0763,-2.5115,wave_left
2376073,0.5601,-0.2727,0.9268,-6.9924,5.1679,-10.9542,wave_left
2376093,0.5574,-0.2498,0.9368,-10.4656,7.0382,-8.229,wave_left
2376113,0.5288,-0.2556,0.9565,-13.2977,8.7023,-3.916,wave_left
2376133,0.5056,-0.2551,0.9622,-17.2137,5.2519,3.6336,wave_left
2376153,0.5117,-0.2886,0.9392,-19.6641,4.0534,5.7176,wave_left
2376173,0.5344,-0.322,0.9463,-19.6641,6.5802,1.8015,wave_left
2376193,0.4949,-0.3005,0.9753,-20.6947,7.916,0.6336,wave_left
2376213,0.4399,-0.321,1.0125,-25.4275,6.771,9.4427,wave_left
2376233,0.3916,-0.3452,1.0293,-30.9695,-1.1679,23.6183,wave_left
2376253,0.3882,-0.3752,1.0071,-36.2901,-7.7099,46.1374,wave_left
2376273,0.4131,-0.5583,1.0447,-36.4046,-7.0382,53.6412,wave_left
2376293,0.3552,-0.5862,1.0889,-37.2443,-14.0382,60.4885,wave_left
2376313,0.3074,-0.6006,1.0754,-41.3588,-29.7023,94.5954,wave_left
2376333,0.3435,-0.8518,1.001,-40.9389,-47.1756,120.0229,wave_left
2376353,0.4641,-0.9692,0.915,-25.1603,-60.0153,109.374,wave_left
2376373,0.5505,-1.0286,0.7427,-1.5344,-52.8779,85.2977,wave_left
2376393,0.4382,-1.0032,0.6814,18.4198,-46.0992,78.8855,wave_left
2376413,0.2705,-1.0571,0.6755,40.0382,-51.1298,87.0611,wave_left
2376433,0.1338,-0.9768,0.6179,62.4733,-76.3435,88.4962,wave_left
2376453,0.0847,-0.978,0.4927,86.6794,-103.4198,97.1374,wave_left
2376473,0.1101,-0.937,0.4597,115.7863,-124.8397,88.5343,wave_left
2376493,0.1533,-0.7512,0.4883,140.313,-159.8397,82.2366,wave_left
2376513,0.2664,-0.7375,0.3667,159.1069,-189.0,77.7176,wave_left
2376533,0.3665,-0.6912,0.3477,188.8244,-222.0687,55.2595,wave_left
2376553,0.4285,-0.4443,0.3298,220.9695,-250.1374,34.145,wave_left
2376573,0.7593,-0.3301,-0.1089,229.1145,-250.1374,37.6183,wave_left
2376593,1.0344,-0.209,-0.0471,225.8855,-210.2366,15.5267,wave_left
2376613,1.022,-0.0161,0.1697,205.2214,-172.313,-0.2748,wave_left
2376633,0.9524,0.0894,0.238,180.9084,-168.0305,-9.7939,wave_left
2376653,0.9529,0.1072,0.2092,159.8702,-172.313,-16.3817,wave_left
2376673,1.1052,0.1973,0.1411,142.1756,-165.0076,-33.9313,wave_left
2376693,1.2139,0.3374,0.1177,125.7863,-140.6183,-34.8168,wave_left
2376713,1.1753,0.4519,0.1475,101.687,-108.0,-10.8168,wave_left
2376733,1.1382,0.3508,0.2471,81.8321,-95.6565,7.4046,wave_left
2376753,1.1841,0.2517,0.2595,65.7786,-101.0534,-0.8626,wave_left
2376773,1.2317,0.28,0.1985,51.8931,-93.2672,-26.229,wave_left
2376793,1.2881,0.2654,0.1604,41.2901,-65.0076,-40.7481,wave_left
2376813,1.2737,0.3193,0.2146,28.4351,-38.1603,-40.0763,wave_left
2376833,1.2002,0.3269,0.269,17.313,-22.0916,-26.3053,wave_left
2376853,1.1367,0.2739,0.3364,8.313,-21.7557,-4.7481,wave_left
2376873,1.1575,0.1506,0.3188,5.2595,-25.7634,1.2061,wave_left
2376893,1.1511,0.0771,0.2693,1.4656,-18.084,-6.6336,wave_left
2376913,1.1316,0.0803,0.2651,1.1756,-8.7481,-15.7557,wave_left
2376933,1.1321,0.114,0.2725,-0.2443,-3.0,-19.5191,wave_left
2376953,1.1128,0.1462,0.271,-4.4733,2.3511,-16.6794,wave_left
2376973,1.0759,0.1313,0.2847,-7.4885,6.374,-10.5802,wave_left
2376993,1.0515,0.1187,0.2959,-10.8626,7.6718,-7.6947,wave_left
2377013,1.0298,0.1013,0.3171,-13.3588,6.6947,-7.1985,wave_left
2377033,1.0198,0.0964,0.3394,-15.0458,1.7405,-5.0229,wave_left
2378460,0.6277,-0.2446,0.9441,-16.2977,-4.5191,23.229,wave_left
2378480,0.6265,-0.2722,0.908,-19.7939,-6.9084,34.6183,wave_left
2378500,0.6118,-0.2971,0.9021,-25.6641,-9.2977,64.5496,wave_left
2378520,0.5837,-0.4387,0.9016,-32.3435,-16.374,102.5649,wave_left
2378540,0.6389,-0.6206,0.8794,-28.2443,-21.1985,119.0229,wave_left
2378560,0.6746,-0.8354,0.8018,-11.3435,-19.0992,116.0305,wave_left
2378580,0.5857,-0.8462,0.7661,9.2977,-18.1603,108.2595,wave_left
2378600,0.5161,-0.8901,0.7676,32.9771,-29.0687,124.9389,wave_left
2378620,0.4363,-0.8821,0.7563,55.3053,-50.1527,134.0992,wave_left
2378640,0.467,-0.8257,0.6467,75.2672,-66.0305,139.7405,wave_left
2378660,0.4963,-0.7107,0.6499,89.7023,-72.6947,132.2061,wave_left
2378680,0.4771,-0.6543,0.6379,95.9313,-87.8779,166.1298,wave_left
2378700,0.4717,-0.8169,0.6333,106.5496,-104.0229,178.9847,wave_left
2378720,0.4189,-0.8352,0.6318,123.7939,-139.626,154.1069,wave_left
2378740,0.6504,-0.8567,0.3958,160.2824,-144.5649,114.5267,wave_left
2378760,0.7603,-0.6416,0.2695,181.7557,-115.0076,70.7023,wave_left
2378780,0.668,-0.4888,0.4246,174.3588,-120.229,96.3511,wave_left
2378800,0.6797,-0.4041,0.5171,179.3206,-137.5802,117.8015,wave_left
2378820,0.6755,-0.4841,0.4766,185.2748,-165.687,112.1221,wave_left
2378840,0.7732,-0.4731,0.2727,183.8779,-179.9542,82.9237,wave_left
2378860,0.8889,-0.281,0.2249,178.0687,-165.5267,51.1756,wave_left
2378880,0.8652,-0.1191,0.2913,159.9084,-141.8626,39.5649,wave_left
2378900,0.8821,-0.1472,0.3154,148.771,-145.5114,39.5344,wave_left
2378920,0.9756,-0.1021,0.2974,140.7176,-158.4351,15.2366,wave_left
2378940,1.0847,0.0,0.2266,128.084,-147.7328,-13.5344,wave_left
2378960,1.1616,0.0408,0.2124,116.229,-124.0687,-29.2824,wave_left
2378980,1.1414,0.2075,0.2295,101.4427,-101.3893,-36.2137,wave_left
2379000,1.1123,0.2937,0.2791,81.5649,-88.2519,-13.4427,wave_left
2379020,1.1514,0.2366,0.3386,65.9542,-87.6412,14.2748,wave_left
2379040,1.2241,0.1304,0.2795,55.6412,-82.5191,11.7328,wave_left
2379060,1.2502,0.1218,0.2456,42.0687,-58.8092,-7.5954,wave_left
2379080,1.1917,0.1616,0.3064,28.542,-36.3053,-11.542,wave_left
2379100,1.1428,0.1541,0.3618,19.3969,-30.7557,-0.8855,wave_left
2379120,1.1409,0.0737,0.3682,11.9466,-28.0305,6.0687,wave_left
2379140,1.1309,0.0322,0.3811,5.4427,-24.5649,3.1985,wave_left
2379160,1.1372,-0.0073,0.3489,-0.1603,-18.6336,-1.8702,wave_left
2379180,1.1458,-0.0295,0.3337,-2.4198,-10.5954,-7.8473,wave_left
2379200,1.1238,0.0015,0.3347,-3.7634,-2.3053,-5.6489,wave_left
2379220,1.0986,-0.0068,0.3491,-6.8321,4.6718,0.0763,wave_left
2379240,1.0737,-0.0293,0.3738,-11.2824,7.7557,1.7176,wave_left
2379260,1.0437,-0.0317,0.3655,-15.7786,10.8092,0.8244,wave_left
2379280,1.0317,-0.0715,0.3674,-15.9771,12.7176,1.8702,wave_left
2379300,1.031,-0.0693,0.3606,-15.4046,14.2748,-3.8321,wave_left
2379320,1.0476,-0.0537,0.3408,-16.4198,18.6336,-11.2901,wave_left
2379340,1.0415,-0.0083,0.3308,-21.3206,25.1908,-17.6107,wave_left
2379360,1.0239,0.0139,0.3606,-25.7176,27.687,-18.4351,wave_left
2379380,1.0125,0.0093,0.3711,-29.4962,26.542,-18.313,wave_left
2379400,1.0198,-0.0256,0.3647,-32.6947,25.0458,-28.0611,wave_left
2379420,1.0608,-0.0273,0.3274,-38.4351,29.4198,-47.6565,wave_left
2379440,1.064,-0.0334,0.3271,-43.6031,41.8168,-67.5649,wave_left
810776,1.0601,-0.356,0.6121,37.9466,3.5115,-57.5038,wave_right
810796,1.0688,-0.3823,0.6252,45.2137,9.6565,-62.855,wave_right
810816,1.0691,-0.2671,0.6138,51.8092,16.7786,-66.4809,wave_right
810836,1.0703,-0.1797,0.6187,52.8168,27.4427,-44.6412,wave_right
810856,1.0583,-0.228,0.6299,52.2061,33.9389,-26.5038,wave_right
810876,1.0056,-0.2939,0.6243,57.9542,39.0382,-34.8168,wave_right
810896,0.9719,-0.2952,0.5854,67.9695,46.3664,-51.3359,wave_right
810916,0.9536,-0.2336,0.5474,76.9237,59.6794,-74.5267,wave_right
810936,0.9182,-0.0459,0.5747,80.5802,68.2672,-69.8779,wave_right
810956,0.811,-0.074,0.6133,89.1298,62.2901,-56.5115,wave_right
810976,0.7881,-0.1658,0.5693,93.7176,58.1679,-65.9313,wave_right
810996,0.7769,-0.2747,0.5496,113.6412,60.1908,-100.8092,wave_right
811016,0.676,-0.0542,0.5396,131.5725,65.4962,-135.3588,wave_right
811036,0.614,0.1873,0.585,136.5343,55.2137,-118.7099,wave_right
811056,0.6311,0.1384,0.6201,133.916,41.6031,-99.9389,wave_right
811076,0.5815,0.0801,0.4487,139.2519,38.1527,-124.4046,wave_right
811096,0.5466,0.2058,0.4553,152.4962,43.3588,-152.8397,wave_right
811116,0.3772,0.4211,0.5186,170.771,51.1221,-168.5038,wave_right
811136,0.1951,0.6069,0.6052,169.6412,11.4885,-154.6641,wave_right
811156,0.1814,0.6382,0.4597,155.3664,-28.5573,-153.229,wave_right
811176,0.2498,0.8552,0.249,143.771,-36.8092,-156.1145,wave_right
811196,0.2097,1.062,0.2673,129.626,-32.6947,-122.0916,wave_right
811216,0.0122,1.1946,0.2993,104.2366,-60.6183,-100.6794,wave_right
811236,0.0522,1.1482,0.1775,75.1069,-99.5649,-95.6107,wave_right
811256,0.0947,1.322,0.1221,49.9924,-108.1832,-76.4962,wave_right
811276,0.0842,1.3047,0.0918,28.626,-117.4198,-52.4046,wave_right
811296,0.127,1.2131,0.1194,5.8244,-147.5343,-49.4962,wave_right
811316,0.2549,1.1729,0.0193,-9.4962,-162.2901,-59.0458,wave_right
811336,0.4028,1.1504,-0.0527,-23.0916,-153.0534,-42.3664,wave_right
811356,0.4661,1.0916,-0.0344,-32.2137,-148.1298,-28.7557,wave_right
811376,0.5305,1.0586,-0.0479,-41.855,-144.0763,-18.4809,wave_right
811396,0.542,0.9849,-0.0708,-46.4122,-131.458,-22.0992,wave_right
811416,0.5249,1.0132,-0.0378,-48.2519,-117.9466,-11.6489,wave_right
811436,0.52,0.9868,-0.0327,-53.1145,-108.2519,2.8168,wave_right
811456,0.5134,0.8918,0.0071,-58.7023,-104.7939,8.4275,wave_right
811476,0.4985,0.8481,0.0151,-61.1527,-106.0076,9.4656,wave_right
811496,0.4915,0.8345,0.0391,-58.4962,-102.855,8.1069,wave_right
811516,0.489,0.844,0.0491,-55.7176,-102.9389,4.3664,wave_right
811536,0.4751,0.8657,0.0676,-56.0916,-103.9389,7.1527,wave_right
811556,0.4919,0.8252,0.063,-56.1679,-114.1145,4.5725,wave_right
811576,0.5513,0.8,0.021,-53.2443,-109.3282,-9.2901,wave_right
811596,0.5593,0.8726,0.0269,-50.7557,-105.9313,-8.2519,wave_right
811616,0.554,0.8425,0.0562,-51.8244,-102.3511,-5.0534,wave_right
811636,0.5132,0.8574,0.1292,-50.9847,-104.0229,-8.2443,wave_right
811656,0.5747,0.887,0.0764,-52.9542,-111.542,-2.6565,wave_right
811676,0.6499,0.8064,0.0259,-56.1985,-103.2519,-4.6641,wave_right
811696,0.6445,0.8093,0.0664,-55.229,-93.687,-11.771,wave_right
811716,0.6069,0.8279,0.0964,-50.7634,-86.9542,-7.5954,wave_right
811736,0.6265,0.9075,0.0776,-53.1985,-84.2519,1.7634,wave_right
811756,0.658,0.8823,0.0864,-59.687,-80.5573,17.6031,wave_right
813960,0.7205,-0.2031,0.8574,91.6031,-56.2366,-162.9542,wave_right
813980,0.7234,-0.0432,0.9326,98.6489,-50.7252,-176.1603,wave_right
814000,0.7373,0.002,0.8752,109.9008,-53.6412,-186.8092,wave_right
814020,0.7639,0.1719,0.8142,113.0534,-46.4962,-182.0763,wave_right
814040,0.7642,0.3403,0.751,112.0229,-35.1603,-150.0992,wave_right
814060,0.782,0.3193,0.6426,104.8779,-17.084,-141.3435,wave_right
814080,0.7383,0.2744,0.6462,109.1679,-10.0916,-159.0763,wave_right
814100,0.6472,0.5537,0.656,106.7405,-3.4962,-143.8015,wave_right
814120,0.5784,0.7097,0.5337,104.0382,2.3435,-93.3282,wave_right
814140,0.5603,0.6321,0.5056,100.6107,3.3969,-71.0382,wave_right
814160,0.4705,0.6375,0.6228,82.3282,0.4885,-97.4885,wave_right
814180,0.3301,0.8896,0.5312,85.5038,-16.1298,-92.7786,wave_right
814200,0.2744,0.9958,0.4924,68.0611,-39.9313,-68.5573,wave_right
814220,0.2007,0.9473,0.4697,51.1832,-57.2443,-91.313,wave_right
814240,0.1511,1.0403,0.5022,24.2366,-96.4046,-101.9847,wave_right
814260,0.2129,1.158,0.3662,6.3282,-121.771,-106.4427,wave_right
814280,0.2615,1.1726,0.2739,-6.2443,-123.2977,-83.542,wave_right
814300,0.1743,1.0654,0.2178,-16.0611,-135.8168,-79.5496,wave_right
814320,0.198,1.0723,0.1382,-22.4122,-143.2519,-89.3588,wave_right
814340,0.2246,1.1033,0.1777,-33.4504,-158.2672,-84.3969,wave_right
814360,0.2715,1.0718,0.1108,-41.6565,-179.7939,-71.7481,wave_right
814380,0.3416,0.991,0.0007,-45.5191,-195.7328,-64.458,wave_right
814400,0.4009,0.9634,-0.1326,-47.8702,-185.5954,-71.7481,wave_right
814420,0.4617,1.0334,-0.1255,-47.5267,-183.1069,-61.9618,wave_right
814440,0.5432,0.929,-0.0859,-44.0382,-181.5038,-47.1527,wave_right
814460,0.5671,1.0244,-0.1826,-48.8626,-169.9618,-27.626,wave_right
814480,0.624,0.9431,-0.2427,-56.626,-149.9466,-14.6031,wave_right
814500,0.5876,0.9048,-0.1484,-59.4733,-132.0611,-16.8397,wave_right
814520,0.5181,0.8755,-0.0513,-63.1908,-119.1527,-22.1679,wave_right
814540,0.4807,0.8982,-0.0466,-64.1221,-121.8931,-4.5038,wave_right
814560,0.5063,0.8831,-0.0093,-67.0229,-128.5114,17.4886,wave_right
814580,0.5625,0.7395,-0.0142,-68.458,-127.5038,15.687,wave_right
814600,0.5725,0.7263,-0.0168,-66.9466,-118.916,-5.8931,wave_right
814620,0.5757,0.833,0.0183,-62.1832,-115.3511,-2.1603,wave_right
814640,0.6746,0.8462,0.031,-61.9695,-112.1298,18.4809,wave_right
814660,0.707,0.7551,0.0164,-66.687,-98.5725,22.0,wave_right
814680,0.6997,0.7625,0.0547,-62.9008,-85.6947,29.4504,wave_right
814700,0.7273,0.7974,0.0706,-61.5115,-76.1832,44.9847,wave_right
814720,0.7715,0.6648,0.1172,-61.1985,-64.4275,43.1679,wave_right
814740,0.7852,0.7024,0.145,-58.626,-51.0611,35.9313,wave_right
814760,0.7817,0.8254,0.1436,-62.0611,-43.3664,59.4122,wave_right
814780,0.8064,0.6428,0.2002,-68.084,-32.2977,85.9084,wave_right
814800,0.74,0.4893,0.2769,-67.5115,-24.4504,81.2214,wave_right
814820,0.7678,0.5325,0.3147,-58.2748,-32.2672,71.2519,wave_right
814840,0.8291,0.6707,0.2703,-58.7252,-33.8702,75.4046,wave_right
814860,0.9312,0.8093,0.1436,-66.1679,-8.626,137.4275,wave_right
814880,0.9214,0.3574,0.175,-66.229,31.5038,171.229,wave_right
814900,0.8271,0.2266,0.3726,-60.1832,43.9466,139.687,wave_right
814920,0.865,0.3437,0.3899,-55.9084,26.3511,120.8855,wave_right
814940,0.939,0.6082,0.3513,-68.6947,25.855,168.1298,wave_right
817126,0.5732,-0.0693,1.0928,42.5038,-20.2443,-34.145,wave_right
817146,0.5898,-0.1216,1.1199,60.0763,-27.7557,-55.0382,wave_right
817166,0.5884,-0.072,1.0762,80.2366,-33.3053,-72.5573,wave_right
817186,0.606,-0.0579,0.989,94.3664,-35.1603,-76.1527,wave_right
817206,0.6045,0.0034,1.0139,107.4198,-27.0305,-91.7557,wave_right
817226,0.5916,0.1445,0.9875,122.5496,-29.3664,-90.5573,wave_right
817246,0.5972,0.2593,0.8979,123.9695,-32.5725,-79.0687,wave_right
817266,0.5835,0.3455,0.8132,123.4809,-30.8779,-65.9466,wave_right
817286,0.5935,0.3752,0.6572,121.2443,-20.3969,-75.3893,wave_right
817306,0.5959,0.5442,0.6287,119.6183,-21.7099,-69.2595,wave_right
817326,0.5293,0.5491,0.6257,110.8473,-28.2061,-73.8779,wave_right
817346,0.4751,0.5901,0.5474,95.3511,-36.9466,-104.2824,wave_right
817366,0.4138,0.6626,0.373,86.1145,-32.313,-138.6641,wave_right
817386,0.2024,1.0613,0.5437,76.2824,-57.2061,-137.458,wave_right
817406,0.2964,1.0427,0.4287,50.7481,-99.9847,-113.7863,wave_right
817426,0.2651,0.9797,0.2292,39.771,-102.5496,-112.3664,wave_right
817446,0.0903,1.051,0.1985,34.5573,-95.8931,-106.1679,wave_right
817466,0.0479,1.1287,0.229,29.771,-117.7863,-118.313,wave_right
817486,0.1013,1.2622,0.1624,16.5878,-151.6718,-94.4427,wave_right
817506,0.1401,1.2029,0.0901,1.6489,-171.2214,-72.3053,wave_right
817526,0.1199,1.2563,-0.0269,-17.8779,-186.084,-57.1679,wave_right
817546,0.1746,1.1411,-0.0918,-30.2672,-187.687,-50.4046,wave_right
817566,0.197,1.085,-0.0244,-31.5802,-189.8702,-54.7863,wave_right
817586,0.2217,1.1785,-0.0828,-41.5649,-211.2214,-59.0763,wave_right
817606,0.2905,1.2219,-0.1921,-57.0305,-224.1221,-60.6794,wave_right
817626,0.3486,1.2551,-0.2434,-72.3588,-218.1985,-30.2519,wave_right
817646,0.4419,1.2256,-0.3389,-87.1069,-207.1145,15.6641,wave_right
817666,0.4656,0.9963,-0.3408,-92.6641,-184.8855,29.855,wave_right
817686,0.4827,0.8442,-0.2578,-100.2672,-178.3206,14.542,wave_right
817706,0.5139,0.8293,-0.2241,-103.0992,-184.8321,-2.5115,wave_right
817726,0.5647,0.8425,-0.2498,-100.2443,-186.8473,5.0382,wave_right
817746,0.6526,0.7412,-0.2812,-94.1221,-174.5267,20.4122,wave_right
817766,0.7034,0.582,-0.198,-87.1832,-156.1221,2.6641,wave_right
817786,0.7195,0.6716,-0.1399,-73.2748,-150.0382,-12.0,wave_right
817806,0.7485,0.7708,-0.1089,-68.5343,-144.7863,0.7252,wave_right
817826,0.8374,0.7083,-0.0884,-70.9924,-135.3282,11.0534,wave_right
817846,0.8782,0.7041,-0.0149,-74.5343,-123.7328,18.0916,wave_right
817866,0.8931,0.592,0.0151,-71.1985,-104.0153,23.1374,wave_right
817886,0.8484,0.521,0.0601,-58.7786,-86.0534,22.9237,wave_right
817906,0.835,0.5947,0.1125,-47.1145,-74.5038,20.3359,wave_right
817926,0.895,0.6038,0.1165,-45.0992,-66.5878,19.4122,wave_right
817946,0.9187,0.6687,0.1194,-46.687,-54.5267,35.5802,wave_right
817966,0.939,0.6414,0.1206,-43.9084,-36.8397,62.0076,wave_right
817986,0.9524,0.5681,0.1514,-38.2901,-11.9924,81.2061,wave_right
818006,1.0015,0.5613,0.1575,-30.9466,12.3359,94.145,wave_right
818026,1.0068,0.4277,0.1321,-30.374,38.6794,79.1069,wave_right
818046,0.9163,0.4932,0.2209,-25.9618,61.7176,66.7786,wave_right
818066,0.8787,0.6472,0.2695,-22.3282,67.9542,85.3053,wave_right
818086,0.8962,0.5498,0.3486,-26.5344,67.9084,87.6336,wave_right
818106,0.8694,0.541,0.4285,-27.1069,69.3893,81.4275,wave_right
819862,0.5725,-0.2656,0.9792,32.6107,-53.4046,-20.4809,wave_right
819882,0.6118,-0.2578,0.9956,40.1908,-57.9847,-29.3817,wave_right
819902,0.6267,-0.3899,0.9851,54.2137,-60.5191,-45.4885,wave_right
819922,0.6304,-0.4041,1.0085,75.1374,-63.0992,-85.6489,wave_right
819942,0.6182,-0.3284,0.9993,93.2901,-68.0687,-108.3282,wave_right
819962,0.6289,-0.2844,0.9312,110.9847,-68.2977,-124.3511,wave_right
819982,0.626,-0.2795,0.854,131.0534,-64.5725,-138.084,wave_right
820002,0.6772,-0.1909,0.8096,154.4198,-56.6947,-167.3893,wave_right
820022,0.7249,0.0576,0.8367,174.2672,-53.6336,-179.7786,wave_right
820042,0.7373,0.1284,0.6809,195.6183,-45.626,-186.1985,wave_right
820062,0.7439,0.3235,0.603,201.2748,-22.6031,-179.9542,wave_right
820082,0.7419,0.4529,0.6133,196.7863,0.0305,-178.687,wave_right
820102,0.7866,0.7012,0.5276,202.4275,12.2824,-145.6947,wave_right
820122,0.6824,0.7488,0.51,196.1603,35.458,-142.1756,wave_right
820142,0.3599,1.2996,0.7732,155.5802,1.3282,-108.2061,wave_right
820162,0.3928,0.9653,0.5117,107.3817,-32.1298,-59.8702,wave_right
820182,0.4097,0.938,0.4058,80.5725,-40.5267,-96.8092,wave_right
820202,0.1672,1.0825,0.4802,55.5191,-64.6565,-102.3053,wave_right
820222,0.0291,1.1047,0.3157,36.7481,-82.9618,-116.2901,wave_right
820242,0.0005,1.2026,0.116,19.9695,-97.0534,-116.1908,wave_right
820262,-0.1289,1.293,0.2385,8.542,-118.4046,-71.3664,wave_right
820282,-0.1975,1.0847,0.3091,-10.8779,-171.458,-67.6489,wave_right
820302,-0.0916,1.1021,-0.0117,-33.2595,-218.6565,-94.3969,wave_right
820322,0.1206,1.2444,-0.2263,-44.1527,-207.374,-76.4504,wave_right
820342,0.1487,1.1204,-0.0667,-50.5191,-195.7176,-34.9847,wave_right
820362,0.1313,1.0903,-0.0757,-55.7786,-211.2748,-44.0458,wave_right
820382,0.187,1.1858,-0.2605,-70.3893,-227.5573,-29.9847,wave_right
820402,0.3833,1.0708,-0.3884,-86.1908,-208.6031,0.5191,wave_right
820422,0.5747,0.9517,-0.3379,-96.5802,-184.1527,-19.7176,wave_right
820442,0.5566,1.0332,-0.2283,-97.4962,-171.0916,-9.7634,wave_right
820462,0.5054,1.0093,-0.2292,-110.3511,-179.4733,13.3359,wave_right
820482,0.5173,0.9436,-0.2681,-116.1374,-177.0,18.4122,wave_right
820502,0.5596,0.8379,-0.1846,-113.7176,-169.145,34.3511,wave_right
820522,0.6208,0.7114,-0.1907,-112.0611,-167.6336,14.7023,wave_right
820542,0.6702,0.7576,-0.2009,-106.5954,-160.8931,16.0458,wave_right
820562,0.696,0.7354,-0.2146,-94.1603,-136.9847,22.1603,wave_right
820582,0.7227,0.7249,-0.0796,-88.9084,-120.0458,18.7939,wave_right
820602,0.7158,0.6738,0.0007,-90.2748,-118.5954,8.8702,wave_right
820622,0.7161,0.7249,-0.0002,-88.458,-115.8092,12.626,wave_right
820642,0.7556,0.6243,0.0449,-87.4046,-110.3282,27.3511,wave_right
820662,0.7664,0.5461,0.0481,-77.9313,-89.7939,22.8626,wave_right
820682,0.7534,0.5854,0.1206,-67.8321,-80.2443,17.5954,wave_right
820702,0.7915,0.5842,0.167,-64.0153,-75.4046,20.4427,wave_right
820722,0.8037,0.5461,0.1975,-59.0305,-68.5496,10.6489,wave_right
820742,0.802,0.5854,0.2146,-51.5496,-60.4504,10.0,wave_right
820762,0.8174,0.6145,0.2195,-46.4733,-53.4122,19.3969,wave_right
820782,0.8369,0.6145,0.2314,-46.0458,-45.1908,23.626,wave_right
820802,0.8401,0.5864,0.2898,-47.771,-36.0076,27.4275,wave_right
820822,0.843,0.4954,0.3359,-44.145,-34.9084,18.0916,wave_right
820842,0.8958,0.561,0.3025,-38.8855,-33.4427,16.3893,wave_right
822407,0.6453,-0.3533,1.0774,17.7405,-8.6336,-26.1985,wave_right
822427,0.6404,-0.3906,1.1299,39.9313,-12.8473,-46.0916,wave_right
822447,0.6262,-0.4004,1.1553,52.9389,-18.4733,-63.3435,wave_right
822467,0.6194,-0.489,1.2078,73.0916,-22.855,-87.5878,wave_right
822487,0.6377,-0.6843,1.0811,115.4351,-20.5954,-135.1832,wave_right
822507,0.5791,-0.3147,1.1533,155.6947,-18.8092,-172.5802,wave_right
822527,0.6221,-0.0957,1.1106,175.7023,-29.5725,-152.145,wave_right
822547,0.5981,-0.0149,0.9968,195.4962,-40.1069,-132.084,wave_right
822567,0.668,-0.0183,0.7537,205.0076,-34.5725,-166.5573,wave_right
822587,0.6365,0.3342,0.7676,187.7634,-19.1756,-202.3359,wave_right
822607,0.6853,0.4822,0.7187,183.9847,-8.855,-195.8015,wave_right
822627,0.5493,0.7795,0.72,180.771,-7.5038,-121.9466,wave_right
822647,0.5645,0.645,0.6047,165.1756,-13.8931,-69.6794,wave_right
822667,0.5664,0.5662,0.4199,157.1756,-13.1298,-65.3588,wave_right
822687,0.6272,0.5449,0.3918,144.0153,0.9847,-95.9695,wave_right
822707,0.5493,0.7507,0.3582,132.1756,8.771,-93.2366,wave_right
822727,0.4387,0.8701,0.397,120.3282,12.3817,-54.1069,wave_right
822747,0.3401,0.7781,0.3596,103.4809,2.8092,-38.7557,wave_right
822767,0.29,0.7068,-0.0801,99.7634,-7.2672,-64.8473,wave_right
822787,0.3691,1.0081,0.1265,86.8473,8.4962,-80.7634,wave_right
822807,0.134,1.1741,0.1438,69.8626,14.4733,-54.0687,wave_right
822827,0.0369,1.0242,0.1541,50.916,-21.4122,-47.8092,wave_right
822847,0.0239,1.0823,0.1084,31.8321,-65.542,-60.5267,wave_right
822867,0.0127,1.1775,0.0398,9.9389,-95.0229,-54.1527,wave_right
822887,0.0547,1.0935,-0.0229,-10.6489,-119.1527,-58.5878,wave_right
822907,0.0818,1.1563,-0.0168,-26.5954,-140.8015,-48.313,wave_right
822927,0.1143,1.1389,-0.0149,-44.084,-170.2519,-37.0382,wave_right
822947,0.179,1.1057,-0.063,-61.9847,-192.2061,-33.084,wave_right
822967,0.2546,1.1165,-0.1414,-79.229,-204.2595,-20.5267,wave_right
822987,0.3352,1.0452,-0.1345,-85.4809,-203.9542,-15.8626,wave_right
823007,0.4084,1.0125,-0.1169,-92.8092,-203.6107,-20.3893,wave_right
823027,0.4194,1.0103,-0.1436,-103.6412,-202.3512,-19.8779,wave_right
823047,0.4661,0.9561,-0.1497,-110.626,-199.0076,-15.2901,wave_right
823067,0.5437,0.9084,-0.1245,-113.9924,-186.6412,-1.5191,wave_right
823087,0.5615,0.8943,-0.0864,-114.458,-178.9466,3.0305,wave_right
823107,0.5764,0.8079,-0.0801,-112.2137,-168.6641,7.0305,wave_right
823127,0.5444,0.7788,-0.0139,-110.3893,-160.9084,3.0382,wave_right
823147,0.5464,0.7292,0.0359,-109.084,-165.7863,-1.687,wave_right
823167,0.5984,0.7217,0.0017,-105.9008,-165.7557,-6.9237,wave_right
823187,0.6116,0.7058,0.0339,-99.771,-157.626,-3.1069,wave_right
823207,0.6379,0.6975,0.0847,-98.0305,-156.8168,9.1374,wave_right
823227,0.6877,0.6235,0.0842,-92.2977,-151.8931,13.1985,wave_right
823247,0.7314,0.571,0.0735,-86.0458,-143.374,1.458,wave_right
823267,0.7427,0.6543,0.0933,-76.6183,-130.9008,-2.9466,wave_right
823287,0.8,0.6663,0.0981,-69.9084,-110.7405,18.2824,wave_right
823307,0.7852,0.6111,0.126,-64.542,-83.626,22.8397,wave_right
823327,0.7354,0.6201,0.219,-58.4351,-69.771,25.7176,wave_right
823347,0.7688,0.6958,0.2292,-59.229,-68.626,40.4046,wave_right
823367,0.8123,0.5798,0.2178,-62.9542,-61.7252,43.7405,wave_right
823387,0.8516,0.5459,0.1885,-62.3893,-45.7939,53.4809,wave_right
824992,0.5144,-0.104,1.1497,64.6641,-11.313,-52.9847,wave_right
825012,0.4822,-0.0632,1.2261,96.4657,-24.1832,-60.9542,wave_right
825032,0.5674,-0.1123,1.1094,124.4733,-31.3664,-63.626,wave_right
825052,0.5808,-0.0349,1.0757,159.1527,-24.8092,-82.2443,wave_right
825072,0.6191,0.2942,1.157,169.7328,-29.7481,-70.0611,wave_right
825092,0.6587,0.2351,1.0076,172.2519,-21.8244,-32.1603,wave_right
825112,0.5818,0.1772,0.9106,181.4962,-15.0763,-30.5267,wave_right
825132,0.6729,0.3657,0.9001,191.6031,-13.8168,-46.3282,wave_right
825152,0.6738,0.5334,0.7964,200.9389,-7.5191,-48.5115,wave_right
825172,0.5676,0.6426,0.6819,193.9542,-12.6718,-33.9695,wave_right
825192,0.5762,0.7925,0.5493,186.9924,-11.6947,-37.3893,wave_right
825212,0.5718,0.8564,0.3572,173.7557,-2.7939,-47.8321,wave_right
825232,0.488,1.022,0.3098,158.3969,12.084,-49.229,wave_right
825252,0.283,1.0525,0.3247,132.3664,-4.7557,-48.4351,wave_right
825272,0.1445,1.095,0.1577,105.6947,-24.7099,-60.5496,wave_right
825292,0.033,1.2104,0.0847,73.5496,-43.0305,-48.2443,wave_right
825312,-0.0774,1.1284,0.1199,53.1221,-64.4351,-37.0305,wave_right
825332,-0.1064,1.1213,0.0769,26.2214,-120.4351,-54.2214,wave_right
825352,-0.0225,1.0984,-0.0085,-19.3664,-187.7099,-102.5343,wave_right
825372,0.1943,1.291,-0.0598,-48.4351,-206.6412,-77.9389,wave_right
825392,0.3081,1.2285,-0.2019,-71.916,-187.7328,-60.8702,wave_right
825412,0.3293,1.1279,-0.0923,-71.7176,-174.4962,-39.9924,wave_right
825432,0.3367,1.1655,-0.0808,-85.916,-189.0382,-30.2214,wave_right
825452,0.4182,1.0647,-0.2263,-98.9084,-178.8092,-30.0076,wave_right
825472,0.4309,1.0288,-0.1824,-106.5954,-165.7099,-7.7557,wave_right
825492,0.4446,0.9229,-0.1357,-108.8626,-168.9008,-12.1374,wave_right
825512,0.4861,0.9226,-0.1423,-108.7099,-165.9618,-16.626,wave_right
825532,0.4211,0.9292,-0.1597,-114.2901,-167.2748,-3.6412,wave_right
825552,0.4783,0.8452,-0.1843,-107.9237,-151.2977,1.7099,wave_right
825572,0.4617,0.8074,-0.0605,-99.5725,-144.0229,3.313,wave_right
825592,0.48,0.7461,-0.0239,-92.9771,-152.3435,-4.1527,wave_right
825612,0.5295,0.8,-0.0845,-93.1298,-154.3893,-4.4198,wave_right
825632,0.5571,0.7595,-0.0515,-92.2519,-143.8244,2.3588,wave_right
825652,0.5757,0.7278,-0.0518,-89.3359,-129.5343,-5.6412,wave_right
825672,0.5859,0.7834,0.03,-88.2672,-122.5954,10.916,wave_right
825692,0.635,0.6826,0.0579,-91.4198,-124.5573,20.5267,wave_right
825712,0.6877,0.6406,0.0544,-88.3664,-118.458,22.7634,wave_right
825732,0.7021,0.6038,0.1055,-83.1832,-104.5038,25.1679,wave_right
825752,0.7434,0.5552,0.114,-74.2977,-91.2214,19.3969,wave_right
825772,0.7412,0.6277,0.1187,-66.2824,-72.8855,22.4046,wave_right
825792,0.6921,0.6008,0.1716,-60.3282,-58.2977,32.5878,wave_right
825812,0.6831,0.5969,0.251,-56.5115,-55.0611,37.4275,wave_right
825832,0.7378,0.6362,0.23,-56.4427,-55.8321,39.6412,wave_right
825852,0.7693,0.613,0.2502,-56.7176,-46.9695,43.687,wave_right
825872,0.7556,0.5728,0.2527,-55.4351,-33.2824,49.5115,wave_right
825892,0.75,0.5933,0.2852,-51.8626,-27.7786,54.3206,wave_right
825912,0.7568,0.5378,0.2522,-53.1374,-23.6336,53.8702,wave_right
825932,0.8,0.5359,0.3201,-55.9084,-24.4809,62.0153,wave_right
825952,0.8474,0.5752,0.356,-59.0611,-21.7939,87.0611,wave_right
825972,0.9321,0.481,0.2708,-60.2901,-4.3511,111.855,wave_right
827527,0.2515,-0.9282,1.3528,77.3893,-40.5038,-166.1298,wave_right
827547,0.1831,-0.3982,1.4338,98.1145,-83.5954,-208.916,wave_right
827567,0.2783,-0.2483,1.3218,115.0687,-119.9466,-161.6641,wave_right
827587,0.3889,-0.2969,1.2546,138.7176,-125.0076,-150.0153,wave_right
827607,0.4648,-0.3013,1.1917,154.5878,-127.229,-165.6718,wave_right
827627,0.5151,-0.3315,1.0911,163.7405,-129.5267,-226.6947,wave_right
827647,0.4512,0.209,1.051,162.3282,-132.0382,-250.1374,wave_right
827667,0.5283,0.6812,0.8242,150.0382,-122.6489,-236.5802,wave_right
827687,0.5457,0.5576,0.6006,145.7939,-88.4351,-200.2672,wave_right
827707,0.4487,0.5537,0.7085,132.7557,-81.1374,-205.8015,wave_right
827727,0.4185,0.574,0.6274,135.8397,-106.6641,-206.3588,wave_right
827747,0.386,0.8809,0.3933,122.4427,-106.6031,-187.084,wave_right
827767,0.3208,0.8887,0.3042,104.6718,-102.1527,-149.9542,wave_right
827787,0.3777,0.7329,0.2759,82.7557,-111.374,-147.7023,wave_right
827807,0.3413,0.9546,0.1123,62.4656,-122.2519,-150.7863,wave_right
827827,0.3359,0.9773,0.0713,49.855,-121.6412,-127.0916,wave_right
827847,0.1531,1.0457,-0.0466,30.5114,-120.5115,-97.9389,wave_right
827867,0.0684,0.8535,-0.0437,19.6794,-139.1527,-127.6489,wave_right
827887,0.0493,1.1704,0.0029,6.1908,-178.9618,-118.4885,wave_right
827907,0.1418,1.1604,-0.1577,-10.2824,-193.6641,-83.9771,wave_right
827927,0.2756,1.1506,-0.3318,-29.8626,-189.8855,-55.8779,wave_right
827947,0.3247,1.1877,-0.2971,-46.8855,-186.9542,-44.2137,wave_right
827967,0.3618,1.1956,-0.2903,-64.7786,-192.3512,-35.2061,wave_right
827987,0.4021,1.1726,-0.334,-79.9695,-168.6412,-10.7252,wave_right
828007,0.3823,1.0647,-0.2815,-91.458,-159.0916,26.9466,wave_right
828027,0.4246,0.8442,-0.2651,-92.1908,-152.8168,34.7252,wave_right
828047,0.4534,0.78,-0.2058,-87.8092,-136.1908,22.7939,wave_right
828067,0.4199,0.7229,-0.1177,-78.0534,-132.3206,6.6794,wave_right
828087,0.4529,0.7727,-0.094,-69.1908,-132.3282,0.2443,wave_right
828107,0.532,0.7932,-0.0647,-69.3206,-134.5038,6.1908,wave_right
828127,0.6042,0.7942,-0.071,-69.6336,-130.6183,17.7328,wave_right
828147,0.6448,0.7686,-0.0161,-68.6031,-124.0992,27.2824,wave_right
828167,0.7209,0.7288,-0.0203,-68.0763,-110.7176,23.6031,wave_right
828187,0.749,0.7324,0.0071,-65.145,-92.084,30.2977,wave_right
828207,0.7063,0.6682,0.0984,-57.9237,-83.0382,33.4656,wave_right
828227,0.7385,0.6802,0.1287,-51.1527,-82.9313,28.3435,wave_right
828247,0.791,0.7441,0.0959,-51.3817,-74.9695,34.7176,wave_right
828267,0.7781,0.7185,0.1064,-54.6718,-63.8626,45.771,wave_right
828287,0.7781,0.5916,0.1514,-49.4122,-51.687,50.4885,wave_right
828307,0.7905,0.5894,0.1819,-42.4656,-47.5954,38.4122,wave_right
828327,0.8428,0.7568,0.1379,-42.0,-41.916,53.3969,wave_right
828347,0.8228,0.6753,0.1531,-46.8702,-25.229,70.145,wave_right
828367,0.7756,0.5352,0.2124,-44.7023,-17.0229,71.8168,wave_right
828387,0.7949,0.5452,0.2393,-37.3817,-16.4962,57.7481,wave_right
828407,0.8215,0.5247,0.2363,-33.6565,-12.8931,51.313,wave_right
828427,0.8071,0.5825,0.2659,-34.0611,-11.9771,50.6947,wave_right
828447,0.8259,0.6521,0.2563,-34.2443,-14.3893,67.374,wave_right
828467,0.8518,0.5808,0.2515,-36.3969,-11.3282,82.6489,wave_right
828487,0.8838,0.356,0.2827,-33.3282,-6.5802,71.7252,wave_right
828507,0.8787,0.4192,0.2825,-26.3817,-6.5954,39.7557,wave_right
830727,0.4023,-0.48,0.917,-3.1145,5.7481,-3.4656,wave_right
830747,0.4028,-0.4954,0.9214,-3.9313,3.4656,-5.9924,wave_right
830767,0.3821,-0.4929,0.9194,-5.0687,3.542,-6.6183,wave_right
830787,0.3962,-0.5361,0.8928,0.2519,7.9466,-7.9542,wave_right
830807,0.3928,-0.5449,0.9307,6.9847,13.1374,-14.8702,wave_right
830827,0.406,-0.4993,0.9827,8.4504,10.7176,-20.8626,wave_right
830847,0.4097,-0.4338,0.9851,4.771,6.0687,-15.7634,wave_right
830867,0.3918,-0.4648,0.9612,3.1603,7.4351,-6.1527,wave_right
830887,0.3594,-0.5522,1.0051,7.5191,11.6565,-11.1298,wave_right
830907,0.3584,-0.54,1.0569,13.5496,7.458,-21.3359,wave_right
830927,0.3623,-0.7634,1.0686,32.0305,1.5954,-51.3664,wave_right
830947,0.3132,-0.8633,1.1245,58.6794,-1.0076,-116.9924,wave_right
830967,0.2236,-0.6099,1.2258,78.1221,-16.2137,-149.3588,wave_right
830987,0.2397,-0.4875,1.2053,86.1679,-34.542,-132.8626,wave_right
831007,0.2981,-0.8149,1.1504,121.313,-39.2977,-150.9542,wave_right
831027,0.2661,-0.7217,1.1626,164.5802,-45.0382,-205.2977,wave_right
831047,0.2617,-0.3979,1.1738,196.0153,-62.7405,-219.7939,wave_right
831067,0.3079,-0.2476,1.0308,215.4809,-72.542,-221.1603,wave_right
831087,0.3345,-0.0632,0.9983,220.6641,-67.5802,-238.3359,wave_right
831107,0.2095,0.23,0.9661,223.3435,-68.5267,-250.1374,wave_right
831127,0.2322,0.7539,0.9292,210.7481,-88.5496,-201.4657,wave_right
831147,0.2859,0.7856,0.8093,193.2672,-96.3435,-154.1221,wave_right
831167,0.2344,0.8704,0.7388,150.0687,-103.9542,-152.8092,wave_right
831187,0.2258,0.9277,0.6077,114.1298,-113.4275,-136.7176,wave_right
831207,0.1887,0.9573,0.5625,96.1069,-123.4885,-125.4046,wave_right
831227,0.249,0.824,0.5969,81.3511,-142.3206,-130.626,wave_right
831247,0.1755,0.9548,0.4463,62.5267,-167.9389,-151.0611,wave_right
831267,0.2986,0.7622,-0.0247,50.7176,-163.6412,-170.3435,wave_right
831287,0.3914,1.052,0.1746,29.2977,-166.8626,-156.7176,wave_right
831307,0.3855,1.0989,0.1055,17.1298,-157.0305,-123.313,wave_right
831327,0.3643,1.033,0.0115,3.5115,-150.2137,-85.5649,wave_right
831347,0.3625,0.991,-0.0471,-11.3969,-159.0382,-70.2824,wave_right
831367,0.4021,0.9756,-0.0642,-23.3206,-150.8168,-62.687,wave_right
831387,0.4216,0.9458,-0.0503,-31.084,-141.2061,-76.084,wave_right
831407,0.3606,1.0227,-0.0173,-42.2824,-143.7023,-56.2595,wave_right
831427,0.3462,1.0732,0.0044,-57.6641,-155.4198,-25.0534,wave_right
831447,0.4041,0.9617,-0.072,-70.313,-155.4733,-5.3588,wave_right
831467,0.428,0.8721,-0.0654,-72.0305,-139.626,-2.4504,wave_right
831487,0.4438,0.8052,-0.0212,-71.1603,-123.3435,-17.1603,wave_right
831507,0.3799,0.897,0.0542,-69.5115,-124.0687,-12.7634,wave_right
831527,0.385,0.8999,0.0654,-68.8702,-129.1679,13.8626,wave_right
831547,0.4148,0.8293,0.0488,-66.4122,-134.145,30.0611,wave_right
831567,0.5049,0.6943,0.0603,-66.542,-127.9542,12.9237,wave_right
831587,0.5271,0.7434,0.0833,-65.8168,-121.1298,-14.2061,wave_right
831607,0.5061,0.8254,0.116,-66.4046,-124.9008,-13.5878,wave_right
831627,0.5537,0.8828,0.0898,-69.5649,-130.0458,12.1145,wave_right
831647,0.625,0.856,0.0903,-73.3435,-128.3588,43.2977,wave_right
831667,0.6892,0.6838,0.0415,-74.1069,-113.7099,46.7328,wave_right
831687,0.7063,0.5735,0.0667,-71.1527,-94.313,19.2137,wave_right
831707,0.6758,0.6292,0.1682,-61.8168,-84.4962,2.1603,wave_right
